"Code","CoinName","Algorithm","IsTrading","ProofType","TotalCoinsMined","TotalCoinSupply"
42,"42 Coin","Scrypt",1,"PoW/PoS",41.99995383,42
365,"365Coin","X11",1,"PoW/PoS",0,2300000000
404,"404Coin","Scrypt",1,"PoW/PoS",1055184902.04,532000000
611,"SixEleven","SHA-256",1,"PoW",0,611000
808,808,"SHA-256",1,"PoW/PoS",0,0
1337,"EliteCoin","X13",1,"PoW/PoS",29279424622.5027,314159265359
2015,"2015 coin","X11",1,"PoW/PoS",0,0
"BTC","Bitcoin","SHA-256",1,"PoW",17927175,21000000
"ETH","Ethereum","Ethash",1,"PoW",107684222.6865,0
"LTC","Litecoin","Scrypt",1,"PoW",63039243.3000049,84000000
"DASH","Dash","X11",1,"PoW/PoS",9031294.37563393,22000000
"XMR","Monero","CryptoNight-V7",1,"PoW",17201143.1449131,0
"ETC","Ethereum Classic","Ethash",1,"PoW",113359703,210000000
"ZEC","ZCash","Equihash",1,"PoW",7383056.25,21000000
"BTS","Bitshares","SHA-512",1,"PoS",2741570000,3600570502
"DGB","DigiByte","Multiple",1,"PoW",11406219141,21000000000
"BTCD","BitcoinDark","SHA-256",1,"PoW/PoS",1288862,22000000
"CRAIG","CraigsCoin","X11",1,"PoS",0,30000000
"XBS","Bitstake","X11",1,"PoW/PoS",0,1300000
"XPY","PayCoin","SHA-256",1,"PoS",11995334.8847328,12500000
"PRC","ProsperCoin","Scrypt",1,"PoW",5768310,21000000
"YBC","YbCoin","Multiple",1,"PoS",0,200000000
"DANK","DarkKush","X13",1,"PoW/PoS",0,3000000
"GIVE","GiveCoin","X11",1,"PoW",0,500000000
"KOBO","KoboCoin","X15",1,"PoW/PoS",25542535.5881841,350000000
"DT","DarkToken","NIST5",1,"PoW/PoS",0,0
"CETI","CETUS Coin","Scrypt",1,"PoW/PoS",0,0
"SPR","Spreadcoin","X11",1,"PoW",11149733.9976203,20000000
"WOLF","Insanity Coin","X11",1,"PoW",0,50000000
"ACOIN","ACoin","SHA-256",1,"PoW",0,1600000
"AERO","Aero Coin","X13",1,"PoS",0,7000000
"ALF","AlphaCoin","Scrypt",1,"PoW",0,210182000
"AGS","Aegis","X13",1,"PoS",0,0
"AMC","AmericanCoin","Scrypt",1,"PoW",0,168000000
"ALN","AlienCoin","Scrypt",1,"PoW",0,200000000
"APEX","ApexCoin","X13",1,"PoW/PoS",0,6000000
"ARCH","ArchCoin","Scrypt",1,"PoS",0,16403135
"ARG","Argentum","Scrypt",1,"PoW",12205795.4449549,64000000
"ARI","AriCoin","Scrypt",1,"PoW",0,322649400
"AUR","Aurora Coin","Scrypt",1,"PoW/PoS",18135099.992959,16768584
"BET","BetaCoin","SHA-256",1,"PoW",0,32000000
"BEAN","BeanCash","SHA-256",1,"PoW/PoS",0,50000000000
"BLU","BlueCoin","Scrypt",1,"PoW/PoS",635423900,0
"BQC","BQCoin","Scrypt",1,"PoW",0,88000000
"XMY","MyriadCoin","Multiple",1,"PoW",1688254250,2000000000
"MOON","MoonCoin","Scrypt",1,"PoW",88,384000000000
"ZET","ZetaCoin","SHA-256",1,"PoW",170204389.754849,169795588
"SXC","SexCoin","Scrypt",1,"PoW",128940951.183046,250000000
"QTL","Quatloo","Scrypt",1,"PoW",7357794.7925,100000000
"ENRG","EnergyCoin","Scrypt",1,"PoW/PoS",123062801.128773,0
"QRK","QuarkCoin","Quark",1,"PoW",259557164.91477,247000000
"RIC","Riecoin","Groestl",1,"PoW",49548585.1412917,84000000
"DGC","Digitalcoin ","Scrypt",1,"PoW",33442988.3440364,48166000
"LIMX","LimeCoinX","X11",1,"PoW",0,21000000
"BTB","BitBar","Scrypt",1,"PoW/PoS",42579.476901,500000
"CAIX","CAIx","Scrypt",1,"PoS",0,0
"BTMK","BitMark","Scrypt",1,"PoW",0,27580000
"BUK","CryptoBuk","Scrypt",1,"PoW/PoS",0,100000000
"CACH","Cachecoin","Scrypt",1,"PoW",0,2000000000
"CAP","BottleCaps","Scrypt",1,"PoW/PoS",0,47433600
"CASH","CashCoin","Scrypt",1,"PoW/PoS",0,47433600
"CAT","Catcoin","Scrypt",1,"PoW",7219956.64626131,21000000
"CBX","CryptoBullion","Scrypt",1,"PoW/PoS",1039116.65144562,1000000
"CCN","CannaCoin","Scrypt",1,"PoW",4703879.51824446,13140000
"CIN","CinderCoin","Multiple",1,"PoW/PoS",0,114000000
"CINNI","CINNICOIN","Scrypt",1,"PoW",0,15000000
"CLR","CopperLark","SHA-256",1,"PoW",0,27200000
"CMC","CosmosCoin","Scrypt",1,"PoW/PoS",0,100000000
"CNC","ChinaCoin","Scrypt",1,"PoW",0,462500000
"CNL","ConcealCoin","X11",1,"PoW",0,8500000
"COMM","Community Coin","Scrypt",1,"PoW/PoS",0,1000000000
"COOL","CoolCoin","Scrypt",1,"PoS",0,100000000
"CRACK","CrackCoin","X11",1,"PoW",0,6000000
"CRYPT","CryptCoin","X11",1,"PoW",4996986.20575291,18000000
"CSC","CasinoCoin","Scrypt",1,"PoC",39999997299.8568,40000000000
"DEM","eMark","SHA-256",1,"PoW/PoS",0,0
"DMD","Diamond","Groestl",1,"PoW/PoS",3304487.74735637,4380000
"XVG","Verge","Multiple",1,"PoW",15929530669.1206,16555000000
"DRKC","DarkCash","X11",1,"PoW/PoS",0,3720000
"DSB","DarkShibe","Scrypt",1,"PoW",0,2043962
"DVC","DevCoin","SHA-256",1,"PoW",18773857500,21000000000
"EAC","EarthCoin","Scrypt",1,"PoW",12539015186.822,13500000000
"EFL","E-Gulden","Scrypt",1,"PoW",20910478.8062499,21000000
"ELC","Elacoin","Scrypt",1,"PoW",0,75000000
"EMC2","Einsteinium","Scrypt",1,"PoW",218871896.499999,299792458
"EMD","Emerald","Scrypt",1,"PoW",19496786.31025,32000000
"EXCL","Exclusive Coin","PoS",1,"PoS",5679705,0
"EXE","ExeCoin","Scrypt",1,"PoW",0,21000000
"EZC","EZCoin","Scrypt",1,"PoW",0,84000000
"FLAP","Flappy Coin","Scrypt",1,"PoW",0,100000000000
"FC2","Fuel2Coin","X11",1,"PoS",0,100000000
"FFC","FireflyCoin","SHA-256",1,"PoW",0,700000000000
"FIBRE","FIBRE","NIST5",1,"PoW/PoS",0,624000
"FRC","FireRoosterCoin","SHA-256",1,"PoW",0,2602410
"FLT","FlutterCoin","Scrypt",1,"PoS/PoW/PoT",461829905.32893,0
"FRK","Franko","Scrypt",1,"PoW",1142732.14912776,11235813
"FRAC","FractalCoin","X11",1,"PoW",0,1000000
"FSTC","FastCoin","Scrypt",0,"PoW",0,165888000
"FTC","FeatherCoin","NeoScrypt",1,"PoW",208669093.00773,336000000
"GDC","GrandCoin","Scrypt",1,"PoW",884125802,1420609614
"GLC","GlobalCoin","Scrypt",1,"PoW",65672720.4708748,70000000
"GLD","GoldCoin","Scrypt",1,"PoW",41658647.9999715,72245700
"GLX","GalaxyCoin","Scrypt",1,"PoW/PoS",0,538214400
"GLYPH","GlyphCoin","X11",1,"PoW/PoS",0,7000000
"GML","GameLeagueCoin","Scrypt",1,"PoW/PoS",0,500000000
"GUE","GuerillaCoin","X11",1,"PoW/PoS",0,19500000
"HAL","Halcyon","X15",1,"PoW/PoS",0,0
"HBN","HoboNickels","Scrypt",1,"PoW/PoS",89266933.684704,120000000
"HUC","HunterCoin","Multiple",1,"PoW",0,42000000
"HVC","HeavyCoin","Multiple",1,"PoW",0,128000000
"HYP","HyperStake","X11",1,"PoS",1678520090.7713,0
"ICB","IceBergCoin","NIST5",1,"PoW/PoS",0,8750000
"IFC","Infinite Coin","Scrypt",1,"PoW",90595753018.6314,90600000000
"IOC","IOCoin","X11",1,"PoW/PoS",17650913.9743456,22000000
"IXC","IXcoin","SHA-256",1,"PoW",21089348.999,21000000
"JBS","JumBucks Coin","X11",1,"PoW/PoS",0,3293010
"JKC","JunkCoin","Scrypt",1,"PoW",0,107000000
"JUDGE","JudgeCoin","X13",1,"PoW/PoS",0,21600000
"KDC","Klondike Coin","Scrypt",1,"PoW",0,20000000
"KEYC","KeyCoin","X13",0,"PoW/PoS",0,1000000
"KGC","KrugerCoin","Scrypt",1,"PoW",151447649.8,265420800
"LK7","Lucky7Coin","Scrypt",1,"PoW/PoS",0,99792000
"LKY","LuckyCoin","Scrypt",1,"PoW",19326319.14375,20000000
"LSD","LightSpeedCoin","NIST5",1,"PoW/PoS",0,900000
"LTB","Litebar ","Scrypt",1,"PoW",1104344.22938102,1350000
"LTCD","LitecoinDark","Scrypt",1,"PoW",0,82003200
"LTCX","LitecoinX","X11",1,"PoW",0,84000000
"LXC","LibrexCoin","X11",1,"PoW/PoS",0,1000000
"LYC","LycanCoin","Scrypt",1,"PoW",0,4950000000
"MAX","MaxCoin","SHA3",1,"PoW/PoS",61445805,100000000
"MEC","MegaCoin","Scrypt",1,"PoW",38151999.9930997,42000000
"MED","MediterraneanCoin","HybridScryptHash256",1,"PoW",40431856.9,200000000
"MINRL","Minerals Coin","X11",0,"PoW/PoS",0,1000000
"MINT","MintCoin","Scrypt",1,"PoS",21293925445.4969,0
"MN","Cryptsy Mining Contract","SHA-256",1,"PoW",0,0
"MINC","MinCoin","Scrypt",1,"PoW",5804204.88794916,10000000
"MRY","MurrayCoin","Scrypt",1,"PoW",0,58000000
"MZC","MazaCoin","SHA-256",1,"PoW/PoS",1613836099.99999,2419200000
"NAN","NanoToken","Scrypt",1,"PoW",0,80000000
"NAUT","Nautilus Coin","Scrypt",1,"PoS",16180000,16180000
"NAV","NavCoin","X13",1,"PoW/PoS",66087096.2077108,0
"NBL","Nybble","Scrypt",1,"PoW",0,210000000
"NMB","Nimbus Coin","X15",1,"PoW/PoS",0,25000000
"NRB","NoirBits","SHA-256",1,"PoW",0,50000000
"NOBL","NobleCoin","Scrypt",1,"PoW",2366066305.76482,15000000000
"NRS","NoirShares","Scrypt",1,"PoW/PoS",0,5000000
"NMC","Namecoin","SHA-256",1,"PoW",14736400,21000000
"NYAN","NyanCoin","Scrypt",1,"PoW",334709223.483138,337000000
"OPAL","OpalCoin","X13",1,"PoW/PoS",15156364.3306548,0
"ORB","Orbitcoin","NeoScrypt",1,"PoW/PoS",3220616.279225,3770000
"PHS","PhilosophersStone","Scrypt",1,"PoW",0,8891840
"POT","PotCoin","Scrypt",1,"PoW/PoS",222677226.014206,420000000
"PSEUD","PseudoCash","X13",1,"PoW/PoS",0,2200000
"PXC","PhoenixCoin","Scrypt",1,"PoW/PoS",73959274.625,98000000
"PYC","PayCoin","Scrypt",1,"PoW/PoS",0,30000000
"RDD","Reddcoin","Scrypt",1,"PoW/PoS",29315567169.0888,0
"RIPO","RipOffCoin","Scrypt",1,"PoW",0,12000000
"RPC","RonPaulCoin","Scrypt",1,"PoW",1104157.42169891,21000000
"RT2","RotoCoin","Scrypt-n",1,"PoW/PoS",0,288000
"RYC","RoyalCoin","Scrypt",1,"PoW",0,140000000
"RZR","RazorCoin","Scrypt",1,"PoW",0,4000000
"SAT2","Saturn2Coin","Scrypt",1,"PoW",0,15000000000
"SBC","StableCoin","Scrypt",1,"PoW",24215181.725,250000000
"SFR","SaffronCoin","Multiple",1,"PoW",0,111000000
"SHADE","ShadeCoin","Scrypt",1,"PoW/PoS",0,2000000
"SHLD","ShieldCoin","X15",1,"PoW/PoS",0,1000000
"SILK","SilkCoin","Scrypt",1,"PoW/PoS",0,1000000
"SLG","SterlingCoin","X13",1,"PoS",0,0
"SMC","SmartCoin","Scrypt",1,"PoW",25593737.1355044,51200000
"SOLE","SoleCoin","X15",1,"PoW/PoS",0,1200000
"SPA","SpainCoin","Scrypt-n",1,"PoW",0,50000000
"SPOTS","Spots","Scrypt",1,"PoW",0,100000000
"SRC","SecureCoin","Scrypt",1,"PoW",0,21000000
"SSV","SSVCoin","X13",1,"PoW",0,21000000
"SUPER","SuperCoin","X11",1,"PoS",50707661.7493518,0
"SYNC","SyncCoin","X11",1,"PoW/PoS",1177,1000
"SYS","SysCoin","SHA-256",1,"PoW",563336541.299966,888000000
"TAG","TagCoin","Scrypt",1,"PoW/PoS",0,1000000
"TAK","TakCoin","SHA-256",1,"PoW/PoS",0,7515187520
"TES","TeslaCoin","Multiple",1,"PoS",80260463.7331396,100000000
"TGC","TigerCoin","SHA-256",1,"PoW",43536800,47011968
"TIT","TittieCoin","PHI1612",1,"PoS",1622326490.46336,2300000000
"TOR","TorCoin","X11",1,"PoW/PoS",1431851.00002479,10000000
"TRC","TerraCoin","SHA-256",1,"PoW",22935396,42000000
"TITC","TitCoin","Scrypt",1,"PoW",0,1000000
"ULTC","Umbrella","SHA-256",1,"PoW",0,2625000
"UNB","UnbreakableCoin","SHA-256",1,"PoW",2278150,80000000
"UNO","Unobtanium","SHA-256",1,"PoW",200911.79151896,250000
"URO","UroCoin","X11",1,"PoW",1207310,0
"USDE","UnitaryStatus Dollar","Scrypt",1,"PoW/PoS",1098952592.6,1600000000
"UTC","UltraCoin","Scrypt",1,"PoW/PoS",50235211.141939,100000000
"UTIL","Utility Coin","X13",1,"PoW/PoS",0,0
"VDO","VidioCoin","X11",1,"PoW/PoS",0,0
"VIA","ViaCoin","Scrypt",1,"PoW",23150892.1679687,23000000
"VOOT","VootCoin","X11",1,"PoW",0,0
"VRC","VeriCoin","Scrypt",1,"PoST",32021108.4136696,0
"VTC","Vertcoin","Lyra2REv2",1,"PoW",51173723.8166347,84000000
"WDC","WorldCoin","Scrypt",1,"PoW",119606941,265420800
"XAI","SapienceCoin","X11",1,"PoB/PoS",0,0
"XBOT","SocialXbotCoin","Scrypt",1,"PoW/PoS",0,2000000
"XC","X11 Coin","X11",1,"PoW/PoS",6950831.0970606,5500000
"XCSH","Xcash","Scrypt",0,"PoW/PoS",0,2400000
"XCR","Crypti","Multiple",1,"PoS",100000000,0
"XJO","JouleCoin","SHA-256",1,"PoW",39195739.362088,45000000
"XLB","LibertyCoin","X11",1,"PoW/PoS",0,16500000
"XST","StealthCoin","X13",1,"PoW/PoS",33093725.4123502,0
"XXX","XXXCoin","Scrypt",1,"PoW/PoS",0,50000000
"YAC","YAcCoin","Scrypt",1,"PoW",0,2000000000
"ZCC","ZCC Coin","Scrypt",1,"PoW/PoS",147990237.978331,1000000000
"ZED","ZedCoins","Scrypt",1,"PoW",0,120000000
"BCN","ByteCoin","CryptoNight",1,"PoW",184066828814,184467440735
"EKN","Elektron","X13",1,"PoW/PoS",0,3000000
"XDN","DigitalNote ","CryptoNight",1,"PoW",6906587610.38292,10000000000
"XAU","XauCoin","SHA-256",1,"PoW",0,2100000
"BURST","BurstCoin","Shabal256",1,"PoC",1813033920,2158812800
"SJCX","StorjCoin","Counterparty",1,"PoS",51173144,500000000
"HUGE","BigCoin","Blake",1,"PoW",0,164429865
7,"007 coin","Scrypt",1,"PoW",0,989800
"MONA","MonaCoin","Scrypt",1,"PoW",68194674.8711679,105120000
"TEK","TekCoin","SHA-256",1,"PoW/PoS",0,100000000
"NTRN","Neutron","SHA-256",1,"PoW/PoS",39121694,68000000
"SLING","Sling Coin","SHA-256",1,"PoW",0,1000000
"XSI","Stability Shares","Scrypt",1,"PoW/PoS",0,15000000
"KTK","KryptCoin","Scrypt",1,"PoS",0,17000000
"FAIR","FairCoin","Groestl",1,"PoW/PoS",53193831,0
"NLG","Gulden","Scrypt",1,"PoW",415032420,1680000000
"RBY","RubyCoin","Scrypt",1,"PoS",27184490.3918338,0
"PTC","PesetaCoin","Scrypt",1,"PoW",137517654.41397,166386000
"KORE","Kore","X13",1,"PoW/PoS",2022464.886973,12000000
"WBB","Wild Beast Coin","Scrypt",1,"PoW",181919.2435974,2628000
"SSD","Sonic Screw Driver Coin","SHA-256",1,"PoW/PoS",0,0
"NOTE","Dnotes","Scrypt",1,"PoS",174646113.934655,500000000
"FLO","Flo","Scrypt",1,"PoW",152270664.860648,160000000
"MMXIV","MaieutiCoin","SHA-256",1,"PoS",0,2014
"8BIT","8BIT Coin","Scrypt",1,"PoW/PoS",1467841,0
"STV","Sativa Coin","X13",1,"PoW/PoS",7096834,10000000
"AM","AeroMe","X13",1,"PoW/PoS",0,12000000
"NKT","NakomotoDark","X11",1,"PoW/PoS",0,0
"GHC","GhostCoin","Scrypt",1,"PoW/PoS",0,750000000
"ABY","ArtByte","Scrypt",1,"PoW",792537250,1000000000
"MTR","MasterTraderCoin","X11",1,"PoW/PoS",0,10110000
"BCR","BitCredit","Momentum",1,"PoW",0,210000000
"XPB","Pebble Coin","CryptoNight",1,"PoW",0,0
"XDQ","Dirac Coin","Blake",1,"PoW",0,2272800
"FLDC","Folding Coin","Stanford Folding",1,"PoW",719416990,1000000000
"SMAC","Social Media Coin","X11",1,"PoW/PoS",0,0
"U","Ucoin","X11",1,"PoS",2689812,20000000
"UIS","Unitus","Multiple",1,"PoW",65113302,0
"CYP","CypherPunkCoin","QuBit",1,"PoW",6365285,0
"QBK","QuBuck Coin","X13",1,"PoS/PoB",0,0
"MARYJ","MaryJane Coin","X15",1,"PoW/PoS",0,0
"OMC","OmniCron","Scrypt",1,"PoW",10140044.4430293,3371337
"GIG","GigCoin","X11",1,"PoW",0,0
"CC","CyberCoin","Scrypt",1,"PoW/PoS",0,0
"VTR","Vtorrent","Scrypt",1,"PoW/PoS",11604722,20000000
"METAL","MetalCoin","Scrypt",1,"PoW",0,0
"GRE","GreenCoin","Scrypt",1,"PoW",4610340640.89,10000000000
"XG","XG Sports","XG Hash",1,"PoW/PoS",0,0
"CHILD","ChildCoin","X11",1,"PoW",0,2000000
"MINE","Instamine Nuggets","Scrypt",1,"PoW",0,21649485
"ROS","ROS Coin","X11",1,"PoW/PoS",0,0
"UNAT","Unattanium","SHA-256",1,"PoW",0,0
"GAIA","GAIA Platform","X11",1,"PoS",0,24000000
"XCN","Cryptonite","M7 POW",1,"PoW",708506520,1840000000
"GMC","Gridmaster","Scrypt",1,"PoW",0,84000000
"MMC","MemoryCoin","Multiple",1,"PoW",0,10000000
"CYC","ConSpiracy Coin ","X11",1,"PoW",0,33000000
"MSC","MasterCoin","Scrypt",1,"PoW",619478,619478
"EGG","EggCoin","Scrypt",1,"PoW/PoS",0,3891
"CAMC","Camcoin","X11",0,"PoW/PoS",0,10000000
"RBR","Ribbit Rewards","Multiple",1,"PoW",0,1000000000
"ICASH","ICASH","X11",1,"PoW",0,1000000
"NODE","Node","Curve25519",1,"PoA",0,1000000000
"SOON","SoonCoin","SHA-256",1,"PoW",12462620,21000000
"BTMI","BitMiles","Scrypt",1,"PoW",0,4832660000
"EVENT","Event Token","Scrypt",1,"PoW/PoS",0,0
"1CR","1Credit","Scrypt",1,"PoW",88213,92000000000
"VIOR","ViorCoin","Scrypt",1,"PoW/PoS",0,0
"VMC","VirtualMining Coin","Scrypt-n",1,"PoW",0,1000000
"MARSC","MarsCoin","X11",0,"PoW",0,33000000
"EQM","Equilibrium Coin","SHA-256",1,"PoW/PoS",0,0
"ISL","IslaCoin","X11",1,"PoW/PoS",1513704,0
"QSLV","Quicksilver coin","X11",1,"PoW",0,33000000
"XNA","DeOxyRibose","X11",1,"PoS",0,0
"SKB","SkullBuzz","SHA-256",1,"PoS",0,0
"FCS","CryptoFocus","X11",1,"PoW/PoS",0,0
"NXS","Nexus","SHA3",1,"PoW/nPoS",63657220,78000000
"EAGS","EagsCoin","X11",1,"PoW/PoS",0,20445500
"MWC","MultiWallet Coin","X11",1,"PoW/PoS",0,0
"MARS","MarsCoin ","X11",1,"PoW",32221574.820996,33000000
"XMS","Megastake","X11",1,"PoW/PoS",0,0
"SIGU","Singular","Scrypt",1,"PoW/PoS",0,0
"M1","SupplyShock","X13",1,"PoW/PoS",0,0
"DB","DarkBit","Scrypt",1,"PoW/PoS",0,0
"CTO","Crypto","Lyra2RE",1,"PoW",13742738,65789100
"BITL","BitLux","X11",0,"PoW/PoS",0,0
"FUTC","FutCoin","X13",1,"PoW/PoS",0,0
"TAM","TamaGucci","Scrypt",1,"PoW/PoS/PoC",0,5300000
"MRP","MorpheusCoin","X11",1,"PoW",0,3400000
"XFC","Forever Coin","X11",1,"PoS",0,210000000
"NANAS","BananaBits","Scrypt",1,"PoW/PoS",0,0
"ACP","Anarchists Prime","SHA-256",1,"PoW",14747200.0002,53760000
"DRZ","Droidz","QUAIT",1,"PoW/PoS",8568038.35935056,5060000
"BSC","BowsCoin","X11",1,"PoW",15863837.5,21000000
"DRKT","DarkTron","SHA-256",1,"PoW/PoS",0,1500000
"CIRC","CryptoCircuits","vDPOS",1,"PoS",0,0
"EPY","Empyrean","Scrypt",1,"PoW",0,100000
"SQL","Squall Coin","X11",1,"PoS/PoW",329200.01639,0
"CHA","Charity Coin","Scrypt",1,"PoW",0,500000
"MIL","Milllionaire Coin","X11",1,"PoW/PoS",0,0
"QTZ","Quartz","SHA-256",1,"PoW/PoS",0,0
"SPC","SpinCoin","NIST5",1,"PoW/PoS",0,0
"DUB","DubCoin","X15",1,"PoW/PoS",0,0
"GRAV","Graviton","SHA-256",1,"PoW/PoS",0,0
"HEDGE","Hedgecoin","X13",1,"PoW",0,33000000
"SONG","Song Coin","Scrypt",1,"PoW",32565300,210240000
"XSEED","BitSeeds","SHA-256",1,"PoW/PoS",0,0
"CHIP","Chip","X11",1,"PoW",0,0
"SPEC","SpecCoin","Scrypt",1,"PoW",0,3000000000
"SPRTS","Sprouts","SHA-256",1,"PoW/PoS",0,0
"ZNY","BitZeny","Scrypt",1,"PoW",75614500,250000000
"DIGS","Diggits","Scrypt",1,"PoS",100000000,100000000
"EXP","Expanse","Ethash",1,"PoW",10495278,16906397
"MAPC","MapCoin","X11",1,"PoS",0,2228921.184
"CON","Paycon","X13",1,"PoW/PoS",23042604,50000000
"SC","Siacoin","Blake2b",1,"PoW",33098296530,0
"LYB","LyraBar","Lyra2RE",1,"PoW/PoS",0,0
"EMC","Emercoin","SHA-256",1,"PoW/PoS",43059794.804778,1000000000
"BLITZ","BlitzCoin","X13",1,"PoS",0,3852156
"BHIRE","BitHIRE","Scrypt",0,"PoS",0,42000000
"EGC","EverGreenCoin","X15",1,"PoW/PoS",13530556.4180753,26298000
"MND","MindCoin","X11",1,"PoW",15867695,16000000
"I0C","I0coin","SHA-256",1,"PoW",20997476.8650231,21000000
"DCR","Decred","BLAKE256",1,"PoW/PoS",10365046.9281661,21000000
"DOGED","DogeCoinDark","Scrypt",1,"PoW",0,16500000000
"RVR","Revolution VR","Scrypt",1,"PoW",210000000,210000000
"HODL","HOdlcoin","1GB AES Pattern Search",1,"PoW",11448949,81962100
"EDRC","EDRCoin","SHA-256",1,"PoW/PoS",3669691.84494672,22000000
"HTC","Hitcoin","X11",1,"PoW/PoS",10996318099,26550000000
"GAME","Gamecredits","Scrypt",1,"PoW",69836100,84000000
"DSH","Dashcoin","CryptoNight",1,"PoW",0,18446744
"DBIC","DubaiCoin","SHA-256",1,"PoW/PoS",5129014,10500000
"BIOS","BiosCrypto","Quark",1,"PoW/PoS",0,20190463.5496924
"DIEM","CarpeDiemCoin","SHA-256",1,"PoW",21739971929,21626280000
"RCX","RedCrowCoin","Scrypt",1,"PoW/PoS",0,3966666667
"PWR","PWR Coin","NIST5",1,"PoW/PoS",10069449031.9252,0
"TRUMP","TrumpCoin","Blake",1,"PoS",0,12000000
"BLRY","BillaryCoin","Scrypt",1,"PoW/PoS",8998743.2411911,42000000
"ETHS","EthereumScrypt","Scrypt",1,"PoW/PoS",0,4200000
"PXL","Phalanx","SHA-256",1,"PoW",0,15000000
"SOUL","SoulCoin","Scrypt",1,"PoW/PoS",0,1400000000
"SSTC","SunShotCoin","X11",1,"PoW",0,2250000000
"GPU","GPU Coin","Scrypt",1,"PoS",40477042,221052632
"TAGR","Think And Get Rich Coin","X15",1,"PoW/PoS",0,30700000
"HMP","HempCoin","Scrypt-n",1,"PoW",0,5000000000
"ADZ","Adzcoin","X11",1,"PoW",45110324,84000000
"MYC","MayaCoin","Scrypt",1,"PoW/PoS",0,250000000
"VTA","VirtaCoin","Scrypt",1,"PoW",0,21000000000
"SOIL","SoilCoin","Dagger",1,"PoW",5702048,30000000
"YOC","YoCoin","Scrypt",1,"PoW",636462.55983338,168351300
"UNIT","Universal Currency","SHA-256",1,"PoW/PoS",0,210000000
"AEON","AEON","CryptoNight-Lite",1,"PoW",0,18400000
"SIB","SibCoin","X11GOST",1,"PoW",17263355,24000000
"ERC","EuropeCoin","X11",1,"PoW/PoS",10407269.7881868,384000000
"AIB","AdvancedInternetBlock","Scrypt",1,"PoW",0,314159265359
"XDB","DragonSphere","X11",1,"PoW/PoS",0,21007600
"ANTI","Anti Bitcoin","SHA-256",1,"PoW",0,42000000
"COLX","ColossusCoinXT","X11",1,"PoS",0,21000000000
"MNM","Mineum","X13",1,"PoW/PoS",0,10000000
"ZEIT","ZeitCoin","Scrypt",1,"PoS",36971236046.8073,99000000000
"CGA","Cryptographic Anomaly","Scrypt",1,"PoW",0,10000000000
"SWING","SwingCoin","SHA-256",1,"PoW/PoS",4377081.60953993,40000000
"SAFEX","SafeExchangeCoin","Scrypt",1,"PoC",2147483647,2147483647
"NEBU","Nebuchadnezzar","PoS",1,"PoS",20000000,20000000
"AEC","AcesCoin","X11",1,"PoS",0,98000000
"FRN","Francs","Scrypt",1,"PoW",6570807.65677618,20000000
"ADNT","Aiden","ScryptOG",0,"PoW",84000000,84000000
"N7","Number7","Scrypt",1,"PoW",0,270967742
"CYG","Cygnus","X11",1,"PoW/PoS",0,25885320
"LGBTQ","LGBTQoin","X11",1,"PoW",0,50000000
"UTH","Uther","Dagger",1,"PoW",0,25885320
"MPRO","MediumProject","PoS",1,"PoW",0,250000
"KATZ","KATZcoin","SHA-256D",1,"PoW/PoS",0,100000000
"SPM","Supreme","Scrypt",1,"PoW/PoS",0,88900000
"FLX","Flash","Scrypt",1,"PoW/PoS",0,1000000
"BOLI","BolivarCoin","X11",1,"PoW",13654082.4987998,25000000
"CLUD","CludCoin","Scrypt",1,"PoW",0,100200000
"HVCO","High Voltage Coin","SHA-256",1,"PoW/PoS",0,1700000
"GIZ","GIZMOcoin","X11",1,"PoW/PoS",0,100000
"FUZZ","Fuzzballs","Scrypt",1,"PoW",0,21000000
"SCRT","SecretCoin","X11",1,"PoW/PoS",0,21000000
"XRA","Ratecoin","X11",1,"PoW/PoS",134554941.15119,75000000
"XNX","XanaxCoin","Scrypt",1,"PoW",0,42000000
"DBG","Digital Bullion Gold","PoS",1,"PoS",0,15000000
"WMC","WMCoin","X11",1,"PoS",0,1000000000
"GOTX","GothicCoin","Scrypt",1,"PoW",0,313333333
"SHREK","ShrekCoin","Scrypt",1,"PoW/PoS",0,1246000000
"REV","Revenu","SHA-256",1,"PoW/PoS",1195525,222725000
"PBC","PabyosiCoin","X11",1,"PoW/PoS",0,31500000000
"OBS","Obscurebay","X11",1,"PoW/PoS",0,6562000
"EXIT","ExitCoin","Scrypt",1,"PoW/PoS",0,756000000
"EDUC","EducoinV","Scrypt",1,"PoW/PoS",0,99000000
"CLINT","Clinton","SHA-256",1,"PoW",0,2421227
"CKC","Clockcoin","SHA-256",1,"PoW/PoS",16662820,525000000
"VIP","VIP Tokens","NIST5",1,"PoW/PoS",83450403,90000000
"NXE","NXEcoin","NIST5",1,"PoW/PoS",0,2200000
"ZOOM","ZoomCoin","Lyra2RE",1,"PoW",0,250000
"YOVI","YobitVirtualCoin","SHA-256",1,"PoS",0,22830000
"ORLY","OrlyCoin","X15",1,"PoW/PoS",0,36000000
"KUBOS","KubosCoin","Scrypt",0,"PoW/PoS",0,986898568551
"SAK","SharkCoin","SHA-256",1,"PoW",0,400000000
"EVIL","EvilCoin","X11",1,"PoW/PoS",0,21024000
"COX","CobraCoin","Scrypt",1,"PoW/PoS",0,1012941176
"BSD","BitSend","X11",1,"PoW/PoS",24387724.5010828,139000000
"DES","Destiny","Scrypt",1,"PoW/PoS",0,212625
"BIT16","16BitCoin","NIST5",1,"PoW/PoS",0,16000000
"CMTC","CometCoin","Scrypt",1,"PoW",0,2000000
"CHESS","ChessCoin","Scrypt",1,"PoW/PoS",0,74666667
"REE","ReeCoin","Scrypt",1,"PoW/PoS",0,350000000
"MARV","Marvelous","Scrypt",1,"PoW",0,400000000
"OMNI","Omni","Scrypt",1,"PoW",616448,616448
"TRTK","TrollTokens","SHA-256",0,"PoW/PoS",0,860000000
"LIR","Let it Ride","POS 3.0",1,"PoS",38589808.6658096,33500000
"SCRPT","ScryptCoin","Scrypt",1,"PoW",0,34181818
"SPCIE","Specie","PoS",1,"PoS",0,9000000
"CJ","CryptoJacks","X13",1,"PoW/PoS",0,500000000
"PUT","PutinCoin","Scrypt",1,"PoW/PoS",813092338.575672,2000000000
"KRAK","Kraken","SHA-256",1,"PoW/PoS",0,20000000
"IBANK","iBankCoin","Scrypt",1,"PoW/PoS",4526324,44333333
"WRLGC","World Gold Coin","SHA-256",0,"PoW",0,51000000
"BM","BitMoon","X13",1,"PoS",0,100000000
"FRWC","Frankywillcoin","Scrypt",1,"PoW/PoS",100000000,100000000
"PSY","Psilocybin","SHA-256D",1,"PoW/PoS",0,4214600
"RUST","RustCoin","Scrypt",1,"PoW/PoS",0,21212121
"NZC","NewZealandCoin","Scrypt",1,"PoW",0,335800000
"XPOKE","PokeChain","X13",1,"PoS",0,75000000
"MUDRA","MudraCoin","X13",1,"PoS",5000000,200000000
"PIZZA","PizzaCoin","X11",1,"PoW",1377917,25000000
"LC","Lutetium Coin","X11",1,"PoS",657000000,657000000
"EXB","ExaByte (EXB)","SHA-256",1,"PoW",0,500000000
"KMD","Komodo","Equihash",1,"dPoW/PoW",115898131,200000000
"GB","GoldBlocks","X11",1,"PoW/PoS",15563873,50000000
"EDC","EDC Blockchain","SHA-256",1,"DPoS/LPoS",0,5352058721.53
"WAY","WayCoin","X11",1,"PoS",0,100000000
"TAB","MollyCoin","Scrypt",1,"PoW/PoS",0,25000000
"STO","Save The Ocean","X11",1,"PoW/PoS",0,150000000
"CTC","CarterCoin","Scrypt",1,"PoW/PoS",43165500,90000000
"TOT","TotCoin","Scrypt",1,"PoW/PoS",0,1613150000
"MDC","MedicCoin","Scrypt",1,"PoW/PoS",0,33000000
"FTP","FuturePoints","X11",1,"PoS",0,360000000
"ZET2","Zeta2Coin","Quark",1,"PoW/PoS",0,1200000
"CVNC","CovenCoin","SHA-256",1,"PoW/PoS",0,33000
"KRB","Karbo","CryptoNight",1,"PoW",7822432.72439746,10000000
"TELL","Tellurion","X11",1,"PoW/PoS",0,3652422000
"BXT","BitTokens","SHA-256",1,"PoW/PoS",595429,21000000
"ZYD","ZayedCoin","SHA-256",1,"PoW",6243840,9736000
"MST","MustangCoin","X11",1,"PoW/PoS",657636.34549789,3000000
"GOON","Goonies","Scrypt",1,"PoW",0,270875968
"ZNE","ZoneCoin","Scrypt",1,"PoW/PoS",2581970,21000000
"COVAL","Circuits of Value","Multiple",1,"PoW",1000000000,1200000000
"DGDC","DarkGold","X13",1,"PoW/PoS",0,1000000
"TODAY","TodayCoin","Scrypt",1,"PoW",0,39200000
"ROOT","RootCoin","Scrypt",1,"PoW/PoS",1939889,0
"DOPE","DopeCoin","Scrypt",1,"PoW",116845228,200000000
"FX","FCoin","Scrypt",1,"PoW/PoS",0,987600000
"PIO","Pioneershares","X11",1,"PoW/PoS",0,200000
"PROUD","PROUD Money","X11",1,"PoW/PoS",0,10000000000
"SMSR","Samsara Coin","QuBit",1,"PoW/PoS",0,60000000
"UBIQ","Ubiqoin","Progressive-n",1,"PoS",0,500000000
"ARM","Armory Coin","Scrypt",1,"PoW/PoS",0,1990000000
"RING","RingCoin","Scrypt",1,"PoW/PoS",0,1900000000
"LAZ","Lazarus","DPoS",1,"DPoS",0,10000000
"BTCR","BitCurrency","Scrypt",1,"PoS",169598616,0
"FCTC","FaucetCoin","X13",0,"PoS",0,10000
"MOOND","Dark Moon","Scrypt",1,"PoW/PoS",0,420000000
"DLC","DollarCoin","SHA-256",1,"PoW",9106714,10638298
"SCN","Swiscoin","Scrypt",1,"PoW/PoW",665200057,3100000000
"BRONZ","BitBronze","Scrypt",1,"PoW",0,4502400
"SH","Shilling","Scrypt",1,"PoW",11119200,30000000
"BUZZ","BuzzCoin","SHA-256D",1,"PoW/PoS",19577787259,20000000000
"MG","Mind Gene","SHA-256",1,"PoW/PoS",0,7500000000
"PSI","PSIcoin","X11",1,"PoS",0,696969
"XPO","Opair","PoS",1,"PoS",74033806.7949683,74000000
"PSB","PesoBit","Scrypt",1,"PoW/PoS",33522957,0
"FIT","Fitcoin","X11",1,"PoW/PoS",0,90000000
"PINKX","PantherCoin","Scrypt",1,"PoW/PoS",0,735000000
"UNF","Unfed Coin","Scrypt",1,"PoW",0,67000000
"SPORT","SportsCoin","X11",1,"PoS",0,20000000
"NTC","NineElevenTruthCoin","Scrypt",1,"PoW/PoS",0,130528084
"EGO","EGOcoin","PoS",1,"PoS",0,60000000
"GBRC","GBR Coin","Scrypt",1,"PoW",0,87500000
"HALLO","Halloween Coin","X11",1,"PoW/PoS",264678458.288619,1500000000
"BBCC","BaseballCardCoin","Scrypt",1,"PoW/PoS",0,19000000
"EMIGR","EmiratesGoldCoin","SHA-256",0,"PoW",0,4000000
"BHC","BighanCoin","Quark",1,"PoW",0,411000000
"CRAFT","Craftcoin","Scrypt",1,"PoW/PoS",0,49411760
"OLYMP","OlympCoin","X11",1,"PoW/PoS",0,50000000
"DPAY","DelightPay","X13",1,"PoW/PoS",0,90400000
"ANTC","AntiLitecoin","Scrypt",0,"PoW",0,84000000
"JOBS","JobsCoin","X11",1,"PoW/PoS",0,20000000000
"DGORE","DogeGoreCoin","X11",1,"PoW/PoS",0,500000000
"RMS","Resumeo Shares","NIST5",1,"PoS",0,9188302
"FJC","FujiCoin","Scrypt-n",1,"PoW",0,10000000
"VAPOR","Vaporcoin","SHA-256",1,"PoW/PoS",0,2000000
"XZC","ZCoin","Lyra2Z",1,"PoW",7568281.24956067,21400000
"PRE","Premium","Scrypt",1,"PoW",0,20000000
"CALC","CaliphCoin","SHA-256",1,"PoW",0,135000000
"LEA","LeaCoin","SHA-256",1,"PoW",0,2000000000
"CF","Californium","SHA-256",1,"PoW",0,2520000
"CFC","CoffeeCoin","PoS",1,"PoS",148716816,39999898
"BS","BlackShadowCoin","X11",1,"PoW/PoS",0,2100000000
"JIF","JiffyCoin","SHA-256D",1,"PoW",0,5108400
"MONETA","Moneta","Scrypt",1,"PoW",0,184000000
"RUBIT","Rublebit","Scrypt",1,"PoW",0,100000000
"HCC","HappyCreatorCoin ","Scrypt",1,"PoW",0,100100400000
"BRAIN","BrainCoin","X11",1,"PoW/PoS",0,22000000
"ROYAL","RoyalCoin","X13",1,"PoS",2500124,2500124
"LFC","BigLifeCoin","X11",1,"PoW",0,9900000000
"ZUR","Zurcoin","Quark",1,"PoW",0,126000000
"PEC","PeaceCoin","X11",1,"PoW",0,700000000
"GMX","Goldmaxcoin","Scrypt",1,"PoW",0,84078950
"32BIT","32Bitcoin","X11",1,"PoW/PoS",0,355000
"GNJ","GanjaCoin V2","X14",1,"PoW/PoS",100000000,100000000
"TEAM","TeamUP","PoS",1,"PoS",17818682.1654,301000000
"SCT","ScryptToken","Scrypt",1,"PoW/PoS",0,8842105
"LANA","LanaCoin","SHA-256D",1,"PoW/PoS",1082162635.53683,7506000000
"ELE","Elementrem","Ethash",1,"PoW",26205539,26205539
"GCC","GuccioneCoin","Scrypt",1,"PoW",0,39760000
"EQUAL","EqualCoin","X13",1,"PoW/PoS",0,1000000000
"2BACCO","2BACCO Coin","Scrypt",1,"PoW/PoS",0,81454545
"DKC","DarkKnightCoin","Scrypt",1,"PoW/PoS",0,24000000
"COC","Community Coin","SHA-256",1,"PoW",0,36129032
"CHOOF","ChoofCoin","Scrypt",1,"PoW/PoS",0,40000000
"CSH","CashOut","SHA-256",1,"PoW",0,100000000
"ZCL","ZClassic","Equihash",1,"PoW",5613550,21000000
"RYCN","RoyalCoin 2.0","X13",1,"PoS",0,2500124
"PCS","Pabyosi Coin","X11",1,"PoW/PoS",0,31500000000
"NBIT","NetBit","Scrypt",1,"PoW/PoS",0,10500000
"WINE","WineCoin","Scrypt",1,"PoW/PoS",0,1744000000
"ARK","ARK","DPoS",1,"DPoS",108202084,125000000
"ZECD","ZCashDarkCoin","Scrypt",1,"PoW",0,500000000
"WASH","WashingtonCoin","X11",1,"PoW/PoS",0,170000000
"LUCKY","LuckyBlocks","PoS",1,"PoS",0,20000000
"INSANE","InsaneCoin","X11",1,"PoW/PoS",18342813,30000000
"BASH","LuckChain","Scrypt",1,"PoW/PoS",0,1000000000
"FAME","FameCoin","QuBit",1,"PoW/PoS",0,50000000
"LIV","LiviaCoin","Scrypt",1,"PoW/PoS",0,1572000000
"DOGETH","EtherDoge","X11",1,"PoW/PoS",0,18100000
"KLC","KiloCoin","Scrypt",1,"PoW",196297971,10000000000
"HUSH","Hush","Equihash",1,"PoW",0,21000000
"BTLC","BitLuckCoin","PoS",1,"PoS",0,5000000000
"DRM8","Dream8Coin","Scrypt",1,"PoW",0,88800000000
"EBZ","Ebitz","PoS",0,"PoS",0,21000000
"FGZ","Free Game Zone","Scrypt",1,"PoW",0,44775520
"BOSON","BosonCoin","X11",1,"PoW/PoS",0,5000000000
"ATX","ArtexCoin","X11",1,"PoW",824000000,500000000
"PNC","PlatiniumCoin","SHA-256",1,"PoW",0,21000000
"BRDD","BeardDollars","Scrypt",1,"PoW/PoS",0,21212121
"BIPC","BipCoin","CryptoNight",1,"PoW",0,18446744
"XNC","XenCoin","Scrypt",1,"PoW",0,2100000000
"EMB","EmberCoin","X13",1,"PoW/PoS",92192822723,850000000
"BTTF","Coin to the Future","PoS",1,"PoS",0,1210000
"DLR","DollarOnline","X11",1,"PoW/PoS",0,1000000000
"XEN","XenixCoin","X11",1,"PoW/PoS",3853326.77707314,3853326.77707314
"IW","iWallet","X11",1,"PoW/PoS",0,2142857142.86
"FRE","FreeCoin","PoS",1,"PoS",50000000,50000000
"NPC","NPCcoin","SHA-256D",1,"PoW/PoS",0,7000000000
"PLNC","PLNCoin","Scrypt",1,"PoW/PoS",17089600,38540000
"DGMS","Digigems","Scrypt",1,"PoW",0,50000000
"ICOB","Icobid","Scrypt",1,"PoW/PoS",0,200000000
"ARCO","AquariusCoin","Scrypt",1,"PoW/PoS",2449577.41533168,42000000
"KURT","Kurrent","X11",1,"PoW",61364813,228000000
"XCRE","Creatio","PoS",1,"PoS",20000000,20000000
"ENT","Eternity","X11",1,"PoW/PoS",6069482.07721352,60000000
"MTLM3","Metal Music v3","Scrypt",0,"PoW/PoS",0,2500000000
"ODNT","Old Dogs New Tricks","SHA-256D",1,"PoW/PoS",0,21000000
"EUC","Eurocoin","SHA-256",1,"PoW/PoS",12416554,20000000
"CCX","CoolDarkCoin","Scrypt",1,"PoW/PoS",0,11052632
"BCF","BitcoinFast","Scrypt",1,"PoW/PoS",20244023.640728,33000000
"SEEDS","SeedShares","SHA-256D",1,"PoW/PoS",0,7996400
"XSN","Stakenet","X11",1,"TPoS",75590369,76500000
"BCCOIN","BitConnect Coin","Scrypt",1,"PoW/PoS",11080722.3769581,28000000
"SHORTY","ShortyCoin","PoS",1,"PoS",0,100000000
"PCM","Procom","Scrypt",1,"PoW",0,28000000
"CORAL","CoralPay","X13",1,"PoS",0,21000000
"MONEY","MoneyCoin","Scrypt",1,"PoW/PoS",10914418,650659833
"HSP","Horse Power","Scrypt",1,"PoW",0,2900000
"HZT","HazMatCoin","Scrypt",1,"PoW/PoS",0,100000000
"CRSP","CryptoSpots","DPoS",1,"DPoS",0,0
"ICON","Iconic","PoS",1,"PoS",0,520000
"NIC","NewInvestCoin","PoS",1,"PoS",0,47090909
"ACN","AvonCoin","PoS",1,"PoS",0,1000000000
"XNG","Enigma","X11",1,"PoW/PoS",814671,5000000
"XCI","Cannabis Industry Coin","CryptoNight",1,"PoW",978145,21000000
"LOOK","LookCoin","X11",1,"PoW/PoS",0,1613150000
"MIS","MIScoin","X11",1,"PoW/PoS",0,25000000
"WOP","WorldPay","X11",1,"PoW/PoS",0,10000000
"CQST","ConquestCoin","X13",1,"PoW/PoS",0,30000000
"CHIEF","TheChiefCoin","Scrypt",1,"PoW/PoS",0,2500000000
"RC","Russiacoin","Scrypt",1,"PoW/PoS",8377873,144000000
"PND","PandaCoin","Scrypt",1,"PoS",33813143821.8337,32514916898
"ECAD","Canada eCoin","Scrypt",1,"PoW",0,100000000
"OPTION","OptionCoin","X11",1,"PoS",0,21000000
"AV","Avatar Coin","PoS",1,"PoS",0,10000000
"LTD","Limited Coin","PoS",1,"PoS",0,128
"UNITS","GameUnits","Scrypt",1,"PoW/PoS",3472983,13000000
"GAKH","GAKHcoin","Scrypt",1,"PoW/PoS",3315789,3315789
"S8C","S88 Coin","Scrypt",1,"PoW/PoS",0,520000000
"ASAFE2","Allsafe","Quark",1,"PoS",10517772.7391666,15000000
"LTCR","LiteCreed","QuBit",1,"PoW/PoS",30227750,78835200
"XPRO","ProCoin","X15",1,"PoW/PoS",0,6000000
"ASTR","Astral","X13",1,"PoW/PoS",0,37875500
"GIFT","GiftNet","X13",1,"PoW",0,6750000
"VIDZ","PureVidz","PoS",1,"PoS",0,125000000
"INC","Incrementum","PoS",1,"PoS",0,1300000
"PTA","PentaCoin","SHA-256",1,"PoW/PoS",0,1311955
"ACID","AcidCoin","SHA-256",1,"PoW",0,4500000000
"RNC","ReturnCoin","X11",1,"PoS",0,250000000
"TWIST","TwisterCoin","X11",1,"PoW/PoS",0,3195000
"PAYP","PayPeer","X11",1,"PoW/PoS",0,50000000000
"LENIN","LeninCoin","SHA-256D",1,"PoW",0,100000000
"MRSA","MrsaCoin","X13",1,"PoW/PoS",0,2100000000
"OS76","OsmiumCoin","Scrypt",1,"PoW",894026,2714286
"BIC","Bikercoins","CryptoNight",1,"PoW",9357088,25000000
"CRPS","CryptoPennies","X11",1,"PoS",0,1593.15
"NTCC","NeptuneClassic","X11",1,"PoW/PoS",0,250000000
"HXX","HexxCoin","Lyra2RE",1,"PoW",1876146.443596,9999999
"SPKTR","Ghost Coin","SHA-256",1,"PoW/PoS",0,2270000
"MAC","MachineCoin","Time Travel",1,"PoW",0,35000000
"SEL","SelenCoin","PoS",1,"PoS",0,159680000
"NOO","Noocoin","PoS",1,"PoS",0,25000000
"CHAO","23 Skidoo","SHA-256D",1,"PoW",0,23
"XGB","GoldenBird","X13",1,"PoW/PoS",0,450000000
"YMC","YamahaCoin","Scrypt",1,"PoW",0,315000000
"JOK","JokerCoin","Scrypt",1,"PoW/PoS",0,5000000000
"GBIT","GravityBit","Scrypt",1,"PoW/PoS",0,5333000
"TEC","TeCoin","Multiple",1,"PoW",0,469521976
"BOMBC","BombCoin","Scrypt",1,"PoW/PoS",0,4516129032
"RIDE","Ride My Car","PoS",1,"PoS",0,100000000
"KED","Klingon Empire Darsek","Scrypt",1,"PoW/PoS",23965372,500000000
"IOP","Internet of People","SHA-256",1,"PoW/PoS",2526078.47525448,21000000
"ELS","Elysium","Scrypt",1,"PoW",0,18000000
"KUSH","KushCoin","X11",1,"PoW/PoS",5659096.95728771,9354000
"ERY","Eryllium","X11",1,"PoW/PoS",0,100000000
"OPES","Opes","Argon2",1,"PoW",0,52000000
"RATIO","Ratio","PoS",1,"PoS",0,100000000
"SMF","SmurfCoin","Scrypt",1,"PoW/PoS",0,2500000000
"TECH","TechCoin","X13",1,"PoW/PoS",0,300000
"CIR","CircuitCoin","SHA-256D",1,"PoW/PoS",0,3125000000
"LEPEN","LePenCoin","SHA-256",1,"PoS",0,1000000000
"MARX","MarxCoin","X11",1,"PoW",0,100640000
"HAZE","HazeCoin","Scrypt",1,"PoW",0,25000000
"PRX","Printerium","Scrypt",1,"PoW/PoS",11821728,20000000
"PAC","PacCoin","X11",1,"PoW",536982074,100000000000
"IMPCH","Impeach","Scrypt",1,"PoW/PoS",308179,21933333
"ERR","ErrorCoin","Scrypt",1,"PoW",0,81000000
"TIC","TrueInvestmentCoin","Scrypt",1,"PoW/PoS",0,53200000
"NUKE","NukeCoin","PoS",1,"PoS",0,2778196
"SFC","Solarflarecoin","Scrypt",1,"PoW",0,20000000
"JANE","JaneCoin","X11",1,"PoW/PoS",0,2100000000
"PARA","ParanoiaCoin","Scrypt",1,"PoW",0,72000000
"MM","MasterMint","X11",1,"PoS",0,1500000000
"CTL","Citadel","CryptoNight-V7",1,"PoW",10969318.522954,185000000
"ZBC","Zilbercoin","Scrypt",1,"PoS",2922613.96424908,55000000
"FRST","FirstCoin","Scrypt",1,"PoW/PoS ",110000000,110000000
"ORO","OroCoin","Scrypt",1,"PoW",0,23529412
"ALEX","Alexandrite","SHA-256",1,"PoW/PoS",0,1268000
"TBCX","TrashBurn","SHA-256D",1,"PoS",0,9000000
"MCAR","MasterCar","Scrypt",1,"PoW/PoS",0,2991837
"THS","TechShares","DPoS",1,"DPoS",0,600000000
"ACES","AcesCoin","X13",1,"PoS",0,100000000
"UAEC","United Arab Emirates Coin","X11",0,"PoW/PoS",0,10000000
"EA","EagleCoin","SHA-256",1,"PoW",0,40000000
"CREA","CreativeChain","Keccak",1,"PoW",0,115000000
"BVC","BeaverCoin","Scrypt",1,"PoW",3115258,3360000
"FIND","FindCoin","X13",1,"PoS",14524851.4827,14524851.4827
"MLITE","MeLite","SHA-256D",1,"PoW/PoS",0,1000000
"STALIN","StalinCoin","X11",1,"PoW/PoS",0,3000000000
"TSE","TattooCoin","Scrypt",1,"PoW/PoS",0,500000000
"VLTC","VaultCoin","X11",1,"PoW",30385540,1000000000
"BIOB","BioBar","SHA-256D",1,"PoW/PoS",0,60000000
"ZER","Zero","Equihash",1,"PoW",6921653.89980891,17000000
"CHAT","OpenChat","Scrypt",1,"PoW/PoS",1000000000,1000000000
"CDN","Canada eCoin","Scrypt",1,"PoW",99843408.3158479,100000000
"ZOI","Zoin","Lyra2RE",1,"PoW",18545757.5,21000000
"HONEY","Honey","Blake2S",1,"PoW/PoS",0,7000000
"MXT","MartexCoin","X13",1," PoW/PoS",0,5000000
"MUSIC","Musicoin","Ethash",1,"PoW",0,454898394
"VEG","BitVegan","PoS",1,"PoS",0,600000000
"MBIT","Mbitbooks","Scrypt",1,"PoW",0,81000000
"ZENI","Zennies","Scrypt",1,"PoS",0,1000000000
"PLANET","PlanetCoin","Scrypt",1,"PoW/PoS",0,1000000
"DUCK","DuckDuckCoin","Scrypt",1,"PoW",0,121
"BNX","BnrtxCoin","X11",1,"PoW",0,210000000
"RNS","RenosCoin","Scrypt",1,"PoS",36050365,34426423
"DBIX","DubaiCoin","Dagger-Hashimoto",1,"PoW",2232901,2232901
"XVP","VirtacoinPlus","X11",1,"PoW/PoS",13162749.0858027,100000000
"BOAT","Doubloon",536,1,"PoW/PoS",0,500000000
"TAJ","TajCoin","Blake2S",1,"PoW/PoS",12184195.9258495,36900000
"IMX","Impact","X11",1,"PoW/PoS",110630387.850471,110000000
"CJC","CryptoJournal","PoS",1,"PoS",0,100000000
"AMY","Amygws","Scrypt",1,"PoW",0,23333333
"QBT","Cubits","SHA-256",1,"PoW/PoS",0,300000000
"EB3","EB3coin","Scrypt",1,"PoW",64096052,4000000000
"XVE","The Vegan Initiative","PoS",1,"PoS",0,50000000
"APT","Aptcoin","Scrypt-n",1,"PoW",0,42000000
"BLAZR","BlazerCoin","Scrypt",1,"PoW",0,294336000
"UNI","Universe","Scrypt",1,"PoS",0,112000000
"ECOC","ECOcoin","Scrypt",1,"PoW/PoS",0,10733333
"DARK","Dark","SHA-256",1,"PoW/PoS",0,12800000
"DON","DonationCoin","Scrypt",1,"PoW",0,90000000
"ATMOS","Atmos","PoS",1,"PoS",111135836.889,110290030
"HPC","HappyCoin","X11",1,"PoW/PoS",21521322.0099142,100000000
"CXT","Coinonat","NIST5",1,"PoW",10123200,48252000
"MCRN","MacronCoin","PoS",1,"PoS",401421401,400000000
"RAIN","Condensate","X11",1,"PoW/PoS",121665451.643876,500000000
"IEC","IvugeoEvolutionCoin","Scrypt",1,"PoW",0,100000000
"IMS","Independent Money System","Scrypt",1,"PoW/PoS",5368934,21212121
"ARGUS","ArgusCoin","Scrypt",1,"PoW/PoS",1148324,28600000
"LMC","LomoCoin","Scrypt",1,"PoW/PoS",500000,1000000000
"BTCS","Bitcoin Scrypt","Scrypt",1,"PoW",0,21000000
"PROC","ProCurrency","SHA-256",1,"PoS",100545745,75000000000
"XGR","GoldReserve","X11",1,"PoW/PoS",17171382,40000000
"BENJI","BenjiRolls","Scrypt",1,"PoW",20276099.146524,35520400
"DUO","ParallelCoin","Scrypt",1,"PoW",0,1000000
"GRW","GrowthCoin","Scrypt",1,"PoS",295135466.361878,2000000000
"ILC","ILCoin","SHA-256",1,"PoW",1317747500,2500000000
"PZM","Prizm","SHA-256",1,"PoS",0,600000000000000
"PHR","Phreak","PoS",1,"PoS",11390225.9742772,30000000
"PUPA","PupaCoin","Blake2S",1,"PoW/PoS",0,3500000000
"RICE","RiceCoin","X13",1,"PoW/PoS",0,10000000
"XCT","C-Bits","SHA-256",1,"PoW",0,210000000
"DEA","Degas Coin","Scrypt",1,"PoW/PoS",21358764,105000000
"ZSE","ZSEcoin","X11",1,"PoW/PoS",0,2093500000
"TAP","TappingCoin","X11",1,"PoW/PoS",0,5000000000
"MUU","MilkCoin","SHA-256",1,"PoW/PoS ",0,4500000000
"INF8","Infinium-8","CryptoNight",0,"PoW",0,0
"HTML5","HTML5 Coin","X15",1,"PoW/PoS",40659020000,90000000000
"SBSC","Subscriptio","PoS",1,"PoS",0,10000000
"USC","Ultimate Secure Cash","SHA-256",1,"PoS",10343113,200084200
"DUX","DuxCoin","Scrypt",1,"PoW/PoS",0,1680000000
"XPS","PoisonIvyCoin","Scrypt",1,"PoW/PoS",0,4666666667
"EQT","EquiTrader","Scrypt",1,"PoW",13673406.4325268,72000000
"MNTC","Manet Coin","Scrypt",1,"PoW/PoS",0,215000000
"HAMS","HamsterCoin","Scrypt",1,"PoW",0,20000000
"QTUM","QTUM","POS 3.0",1,"PoS",100000000,100000000
"NEF","NefariousCoin","Scrypt",1,"PoW/PoS",0,4835000000
"QRL","Quantum Resistant Ledger","CryptoNight-V7",1,"PoW",69036016.8340164,105000000
"ESP","Espers",536,1,"PoW/PoS",22801882871,50000000000
"DYN","Dynamic","Argon2d",1,"PoW",19784224.6512734,0
"NANO","Nano","Blake2b",1,"PoW",133248297,340282367
"CHAN","ChanCoin","Cloverhash",1,"PoW",18407259.0885883,30000000
"DCY","Dinastycoin","CryptoNight",1,"PoW",1809467143,2000000000
"DNR","Denarius","NIST5",1,"PoW/PoS",4171382,10000000
"DP","DigitalPrice","X11",1,"PoW",35138975,100000000
"VUC","Virta Unique Coin","NIST5",1,"PoW/PoS",62942075,120000000
"BTPL","Bitcoin Planet","Skein",1,"PoW/PoS",6804362,100000000
"UNIFY","Unify","Scrypt",1,"PoW",18133195,19276800
"BRIT","BritCoin","X13",1,"PoW/PoS",21268092,30000000
"SOCC","SocialCoin","Scrypt",1,"PoW",5167775,75000000
"OTX","Octanox","X11",1,"PoW/PoS",0,7905634
"ARC","ArcticCoin","X11",1,"PoW",26042364.3735553,60000000
"BOG","Bogcoin","SHA-256",1,"PoW",0,21212121
"SAND","BeachCoin","X11",1,"PoW",0,21000000
"DAS","DAS","X11",1,"PoW",2622886,18900000
"LINDA","Linda","Scrypt",1,"PoW/PoS",9044930943.24243,50000000000
"XLC","LeviarCoin","CryptoNight",1,"PoW",14161803,54000000
"ONION","DeepOnion","X13",1,"PoW/PoS",21917018.0492836,18898187.6216583
"BTX","Bitcore","Time Travel",1,"PoW",17801865.1605478,21000000
"GCN","gCn Coin","Scrypt",1,"PoW",163055097500,200000000000
"SMART","SmartCash","Keccak",1,"PoW",2241009149.22257,5000000000
"SIGT","Signatum","SkunkHash v2 Raptor",1,"PoS",107972766,137500000
"ONX","Onix","X11",1,"PoW",122475638.389743,1100000000
"WINK","Wink","PoS",1,"PoS",0,80000000
"CRM","Cream","Skein",1,"PoW/PoS",47331802.4774238,100000000
"BCH","Bitcoin Cash","SHA-256",1,"PoW",17995589.6469082,21000000
"BMXT","Bitmxittz","Scrypt",0,"PoW/PoS",0,10000
"XMCC","Monoeci","X11",1,"PoW/PoS",12569262.5359307,9507271
"CMPCO","CampusCoin","Scrypt",1,"PoW",0,1010000000
"DFT","Draftcoin","Scrypt",1,"PoS",18663297.3489799,17405891.1970712
"VET","Vechain","VeChainThor Authority",1,"Proof of Authority",55454734800,86712634466
"SOJ","Sojourn Coin","Scrypt",1,"PoW",485214,10500000000
"STCN","Stakecoin","PoS",1,"PoS",4000000,61599965
"NYC","NewYorkCoin","Scrypt",1,"PoW",143006669741.687,0
"LBTC","LiteBitcoin","Scrypt",1,"PoW",0,1000000000
"FRAZ","FrazCoin","Scrypt",1,"PoW",9704042,20000000
"KRONE","Kronecoin","Scrypt",1,"PoW",17453749.4042601,84000000
"ACC","AdCoin","Scrypt",1,"PoW",32646731.063036,100000000
"LINX","Linx","Scrypt",1,"PoW",33716526,100000000
"XCXT","CoinonatX","Scrypt",1,"PoW/PoS",19539588,48252000
"BLAS","BlakeStar","Blake2S",1,"PoW/PoS",0,2400000000
"ETHD","Ethereum Dark","Scrypt",1,"PoW/PoS",4200000,4200000
"SUMO","Sumokoin","CryptoNight",1,"PoW",8946653,88888888
"ODN","Obsidian","SHA-512",1,"PoS",25000000,91388946
"ADA","Cardano","Ouroboros",1,"PoS",25927070538,45000000000
"REC","Regalcoin","X11",1,"PoW/PoS",7262402.04264803,27000000
"BTCZ","BitcoinZ","Equihash",1,"PoW",5211553258.01514,21000000000
"NTM","NetM","Scrypt",1,"PoW",0,101318932073.898
"TZC","TrezarCoin","NeoScrypt",1,"PoW/PoS",182638400,400000000
"ELM","Elements","X11",1,"PoW",2702855668.85288,1800000000
"TER","TerraNovaCoin","Scrypt",1,"PoW/PoS",1140734.91680375,15733333
"VIVO","VIVO Coin","NeoScrypt",1,"PoW",4165967.57499639,27000000
"RGC","RG Coin","NIST5",1,"PoW/PoS",0,300000000
"RUP","Rupee","Lyra2REv2",1,"PoS",24000000,24000000
"BTG","Bitcoin Gold","Equihash",1,"PoW",17202361.088994,21000000
"WOMEN","WomenCoin","Scrypt",1,"PoW/PoS",48459472454,25000000000
"MAY","Theresa May Coin","SHA-256",1,"PoW/PoS",92050800,100000000
"EDDIE","Eddie coin","Scrypt",1,"PoW/PoS",0,1000000000
"NAMO","NamoCoin","NIST5",1,"PoW/PoS",560563220,1200000000
"LUX","LUXCoin","PHI1612",1,"PoW/PoS",8305775.31777569,60000000
"PIRL","Pirl","Dagger",1,"PoW",33986980,156306732.71
"XIOS","Xios","Scrypt",1,"PoW/PoS",2149688,21000000
"BTDX","Bitcloud 2.0","Quark",1,"PoW/PoS",30711550.5294042,200000000
"EBST","eBoost","Scrypt",1,"PoW",99990001.493466,100000000
"KEK","KekCoin","POS 2.0",1,"PoS",12330806.30517,21000000
"BLHC","BlackholeCoin","Scrypt",1,"PoW/PoS",16362544.992,14788275.991
"ALTCOM","AltCommunity Coin","SkunkHash",1,"PoW/PoS",0,5000000
"PURE","Pure","X11",1,"PoW/PoS",0,3686860
"RUPX","Rupaya","Quark",1,"PoS",0,75000000
"XIN","Infinity Economics","SHA-256",1,"PoS",8999999990,9000000000
"HNCN","Huncoin","X13",0,"PoW",0,86400000
"MADC","MadCoin","Scrypt",1,"PoW",0,10000000
"PURA","Pura","X11",1,"PoW",175215859,350000000
"INN","Innova","NeoScrypt",1,"PoW",6375259.04,45000000
"BDL","Bitdeal","Scrypt",1,"PoW",0,300000000
"WSC","WiserCoin","Scrypt",0,"PoW",0,22105263
"MSR","Masari","CryptoNight",1,"PoW",0,18500000
"ELLA","Ellaism","Ethash",1,"PoW",12756367,280000000
"SKR","Sakuracoin","Scrypt",1,"PoW",0,105100000
"ISH","Interstellar Holdings","Scrypt",0,"PoS",0,1970000000
"GBX","GoByte","NeoScrypt",1,"PoW",5832306.875,31800000
"CSTL","Castle","Quark",1,"DPoS",0,50000000
"ICC","Insta Cash Coin","SHA-256",0,"PoW",0,300000000
"ALQO","Alqo","Quark",0,"PoW/PoS",65269530.104519,57879300
"KNGN","KingN Coin","Scrypt",0,"PoW/PoS",0,420000
"MAG","Magnet","X11",1,"PoW/PoS",38198594.8342105,144000000
"TAU","Lamden Tau","DPoS",1,"DPoS",288090567.493887,500000000
"ECA","Electra","NIST5",1,"PoW/PoS",28399150208,30000000000
"BCD","Bitcoin Diamond","X13",1,"PoW/PoS",183534024.889807,210000000
"VOT","Votecoin","Equihash",1,"PoW",0,220000000
"XSH","SHIELD","Multiple",1,"PoW",481730566.566176,660000000
"BCO*","BridgeCoin","Scrypt",0,"PoW",0,27000000
"DSR","Desire","NeoScrypt",1,"PoW",0,22000000
"MUT","Mutual Coin","Scrypt",0,"PoW/PoS",0,1000000000
"CNBC","Cash & Back Coin","Scrypt",1,"PoW/PoS",110976977.29338,210000000
"XUN","UltraNote","CryptoNight",1,"PoW",19281821413.4924,85000000000
"MAN","People","Scrypt",1,"PoW",0,7500000000
"ACHN","Achain","DPoS",1,"DPoS",0,1000000000
"NRO","Neuro","SHA-256",0,"PoW/PoS",0,20000000
"SEND","Social Send","Quark",1,"PoW/PoS",0,150000000
"COAL","BitCoal","CryptoNight",1,"PoW",4500000,12500000
"DAXX","DaxxCoin","Ethash",1,"PoW",520891780,10000000000
"BWK","Bulwark","NIST5",1,"PoS",13247178.8807286,27716121
"BOXY","BoxyCoin","Scrypt",0,"PoW",5761512.8103491,100000000
"SBTC","Super Bitcoin","SHA-256",1,"PoW",0,21210000
"KLKS","Kalkulus","Quark",1,"PoS",16955764.902064,20000000
"AC3","AC3","X11",1,"PoW",80316207,550000000
"CHIPS","CHIPS","SHA-256",1,"PoW",0,21000000
"LTHN","Lethean","CryptoNight-V7",1,"PoW",441250233.377,999481516
"GER","GermanCoin","Scrypt",1,"PoW/PoS",4911500269.41,50000000000
"LTCU","LiteCoin Ultra","Scrypt",1,"PoW/PoS",8419402.321,150000000
"STAK","Straks","Lyra2REv2",1,"PoW",0,150000000
"POP","PopularCoin","Scrypt",1,"PoW",3964201248.87125,4999999999
"PNX","PhantomX","X11",1,"PoW/PoS",45174214.1078625,50000000
"HBC","HomeBlockCoin","X11",0,"PoW/PoS",0,28000000
"HTML","HTML Coin","SHA-256",1,"PoW/PoS",0,90000000000
"PHO","Photon","BLAKE256",1,"PoW",30089671530.5228,90000000000
"SUCR","Sucre","X11",1,"PoW",4229040.50393462,19800000
"ACCO","Accolade","Scrypt",0,"PoW/PoS",5573908,50000000
"CPN","CompuCoin","Scrypt",1,"PoW",0,35000000
"XFT","Fantasy Cash","Scrypt",1,"PoW/PoS",0,4600000
"OMGC","OmiseGO Classic","Scrypt",0,"PoW/PoS",49933217.7511508,70000000
"ORE","Galactrum","Lyra2REv2",1,"PoW/PoS",0,26280000
"SPK","SparksPay","NeoScrypt",1,"PoW",7847417.33355824,21000000
"GOA","GoaCoin","NeoScrypt",0,"PoW",3982139.24553469,32000000
"WAGE","Digiwage","Quark",1,"PoS",27299680,120000000
"GUN","GunCoin","NeoScrypt",1,"PoW",299797953,500000000
"POLIS","PolisPay","X11",1,"PoW",0,25000000
"IRL","IrishCoin","Scrypt",1,"PoW",45483049.3398182,64000000
"TROLL","Trollcoin","Scrypt",1,"PoW/PoS",591022748,900000000
"LCP","Litecoin Plus","Scrypt",1,"PoW/PoS",2504486.227718,4000000
"TGCC","TheGCCcoin","X13",1,"PoW/PoS",0,2400000000
"MONK","Monkey Project","X11",1,"PoS",4407252,21000000
"KZC","KZCash","X11",1,"PoW",0,18000000
"WCG","World Crypto Gold","SHA-256",1,"Proof of Stake",0,900000000
"ECC","ECC","Scrypt",0,"PoS",25000000000,25000000000
"STN","Steneum Coin","Scrypt",1,"PoW",0,20000000
"PCOIN","Pioneer Coin","X11",1,"PoW",8478104.33969947,23000000
"UBTC","UnitedBitcoin","SHA-256",1,"PoW",20166000,20166000
"ITZ","Interzone","C11",1,"PoW",11916588.09471,23000000
"XBP","Black Pearl Coin","X13",1,"PoW/PoS",0,50000000
"SGL","Sigil","NeoScrypt",0,"PoW",0,50000000
"OPC","OP Coin","Scrypt",1,"PoW/PoS",0,2000000000
"SHA","Shacoin","SHA-256",1,"PoS",0,350000000
"BTW","BitWhite","DPoS",1,"DPoS",0,60000000
"CROAT","Croat","CryptoNight",1,"PoW",0,100467441
"VAL","Valorbit","Scrypt",1,"PoW/PoS",0,9.223372E+016
"TPAY","TokenPay","POS 3.0",1,"PoS",20445861.5344251,25000000
"CVNG","Crave-NG","SHA-256",1,"PoS",0,1000000000
"MCT","1717 Masonic Commemorative Token","Ethash",1,"PoS",1618033,1618033
"CWIS","Crypto Wisdom Coin","Scrypt",0,"PoW",17630550.2128923,24000000
"MBC","My Big Coin","Scrypt",1,"PoW and PoS",9399342.52839847,30000000
"WOBTC","WorldBTC","Scrypt",0,"PoW/PoS",0,210000000
"TRTL","TurtleCoin","CryptoNight",1,"PoW",53139835213.77,1000000000000
"NDLC","NeedleCoin","X11",0,"PoS/PoW",0,120000000
"MUN","MUNcoin","SkunkHash",1,"PoW",4818338.98949984,16600000
"USX","Unified Society USDEX","Scrypt",1,"PoW/PoS",234846265.782157,232000000
"BCA","Bitcoin Atom","SHA-256",1,"PoW/PoS",0,21000000
"B2X","SegWit2x","X11",1,"PoW/PoS",0,21000000
"NBR","Niobio Cash","CryptoNight",1,"PoW",133932467.774108,336000000
"SCOOBY","Scooby coin","Scrypt",1,"PoW/PoS",0,21000000
"BUN","BunnyCoin","Scrypt",1,"PoW",0,100000000000
"BSR","BitSoar Coin","X11",0,"PoS",3680297312.25584,3980000000
"SKULL","Pirate Blocks","X11",1,"PoW/PoS",0,240000000
"BTCP","Bitcoin Private","Equihash",1,"PoW",0,21000000
"SKC","Skeincoin","Skein",1,"PoW",0,17000000
"KRM","Karma","Groestl",1,"PoS",0,3000000000
"CDY","Bitcoin Candy","Equihash",1,"PoW",0,21000000000
"SSS","ShareChain","Scrypt",1,"PoW",10000000000,10000000000
"CRDNC","Credence Coin","SHA-256",0,"PoW/PoS",3427006,25000000
"TRF","Travelflex","Dagger",1,"PoW",107325266.027783,100000000
"KREDS","KREDS","Lyra2REv2",1,"PoW",643795911.540095,1100000000
"VULC","Vulcano","NIST5",1,"PoS/PoW",0,421126225
"TOKC","Tokyo Coin","X13",1,"PoS",230298925,800000000
"BBP","BiblePay","Proof-of-BibleHash",1,"POBh",1772091549.88818,5200000000
"LCC","LitecoinCash","SHA-256 + Hive",1,"PoW + Hive",638382332.208514,840000000
"FLIP","BitFlip","Scrypt",1,"PoW",12446100.00278,40000000
"LOT","LottoCoin","Scrypt",1,"PoW",14491014421,18406979840
"FUNK","Cypherfunks Coin","Scrypt",1,"PoW",0,49275000000
"LEAF","LeafCoin","Scrypt",1,"PoW",0,21000000000
"BASHC","BashCoin","Skein",0,"PoW/PoS",11661844.4720073,72000000
"DGM","DigiMoney","X11",0,"PoW/PoS",3521630,25000000
"CBS","Cerberus","NeoScrypt",1,"PoW",0,31500000
"BTCH","Bitcoin Hush","Equihash",1,"PoW",0,21000000
"LIZ","Lizus Payment","Skein",0,"PoW/PoS",2985970.9999482,69000000
"CIF","Crypto Improvement Fund","X11",1,"PoW",211297638.500483,500000000
"SPD","Stipend","C11",1,"PoW/PoS",11251342.1879021,19340594
"POA","Poa Network","Proof-of-Authority",1,"PoA",204479039,252460800
"PUSHI","Pushi","X11",1,"PoW/PoS",2167827.1,25000000
"POKER","PokerCoin","Scrypt",0,"PoS/PoW",0,466666667
"ELP","Ellerium","XEVAN",1,"PoW/PoS",419275.38,60000000
"VLX","Velox","Scrypt",1,"PoS",25570013.1348022,124000000
"ONT","Ontology","VBFT",1,"PoS",650848625,1000000000
"CLO","Callisto Network","Ethash",1,"PoW",247612453,6500000000
"CRU","Curium","X11",1,"PoW",0,22000000
"ELIC","Elicoin","YescryptR16",1,"PoW",0,10000000
"TUBE","BitTube","CryptoNight",1,"PoW",80049082.9057215,1000000000
"DIN","Dinero","NeoScrypt",1,"PoW",0,100000000
"PSD","Poseidon","Scrypt",1,"PoW",4070212.1493016,21000000
"LELE","Lelecoin","Curve25519",1,"PoS",0,1000000000
"AKA","Akroma","Ethash",1,"PoW",0,100000000
"MANNA","Manna","SHA-256",0,"PoW",2360478328.70966,10044655075.5624
"ADK","Aidos Kuneen","IMesh",1,"PoW",25000000,25000000
"SERA","Seraph","PHI1612",0,"PoW/PoS",1360250,32000000
"AET","AfterEther","Ethash",0,"PoW",0,200000000
"CMOS","Cosmo","Quark",0,"PoW",8928876.68577239,11892000
"REDN","Reden","X16S",0,"PoW",0,14000000
"TLP","TulipCoin","Scrypt",1,"PoW/PoS",0,5250000000
"BSX","Bitspace","NIST5",1,"PoW/PoS",13787854.6277781,50000000
"FNO","Fonero","PHI1612",1,"PoW",0,18400000
"XSG","Snowgem","Equihash",1,"PoW",0,84096000
"CVTC","CavatCoin","DPoS",0,"DPoS",0,21000000
"XTL","Stellite","CryptoNight",0,"PoW",0,21000000000
"BRIA","Briacoin","Scrypt",1,"PoW/PoS",845637.81347436,3000000
"IC","Ignition","Scrypt",1,"PoW/PoS",1182153.5,5000000
"MNB","MoneyBag","X11",0,"PoS",0,50000000
"BTL","Bitrolium","Equihash",1,"PoW",71355477,70000000
"BCI","Bitcoin Interest","Equihash",1,"PoW",0,22300000
"MEDIC","MedicCoin","Scrypt",1,"PoS",267297676.3125,500000000
"FLM","FOLM coin","PHI1612",0,"PoW",0,23001916
"ALPS","Alpenschillling","Lyra2Z",1,"PoW",27340501.6514783,300000000
"ZEL","Zelcash","Equihash",1,"PoW/PoS",0,210000000
"BITG","Bitcoin Green","Green Protocol",1,"PoS",9803691.3618195,21000000
"DEV","Deviant Coin","PoS",1,"PoS",21876586.8530324,88000000
"ABJ","Abjcoin","Scrypt",1,"PoW/PoS",9880502.37178894,30000000
"RAP","Rapture","NeoScrypt",0,"PoW",4478901.29233779,21000000
"ANI","Animecoin","Quark",1,"PoW",0,1976000000
"PHC","Profit Hunters Coin","Scrypt",1,"PoW/PoS",0,100000000
"SEM","Semux","Semux BFT consensus",1,"DPoS",1231147,100000000
"BBK","BitBlocks","Scrypt",1,"PoW/PoS",0,500000000
"UWC","Uwezocoin","Scrypt",0,"PoW",0,840000000
"FTO","FuturoCoin","X11",1,"PoW",31801461.1867843,100000000
"CARE","Carebit","Quark",1,"PoW/PoS",139739596.506702,200000000
"NZL","Zealium","PoS",1,"PoS",11075254.0929996,80000000
"XMC","Monero Classic","CryptoNight",1,"PoW",16016864,18400000
"TIPS","FedoraCoin","Scrypt",1,"PoW",0,500000000000
"CHARM","Charm Coin","NeoScrypt",1,"PoW",0,250000000
"PROTON","Proton","X16R",1,"PoS",4403800,45000000
"DERO","Dero","CryptoNight",1,"PoW",0,18400000
"DEAL","iDealCash","Scrypt",1,"PoW/PoS",1404157529.46026,5121951220
"JUMP","Jumpcoin","NIST5",1,"PoW",21069346.2522598,21000000
"INFX","Infinex","Lyra2RE",1,"PoW",5097689.71077377,26280000
"XBI","Bitcoin Incognito","XEVAN",1,"PoS/PoW",10904963.0923455,21000000
"KEC","KEYCO","Tribus",1,"PoW",795447,18000000
"SABR","SABR Coin","Scrypt",1,"PoW/PoS",0,133100000
"HWC","HollyWoodCoin","Scrypt",1,"PoS",38706809.466535,26000000
"GIN","GINcoin","Lyra2Z",1,"PoW",6986399.70430446,10500000
"XMV","MoneroV","CryptoNight",1,"PoW",0,256000000
"PAR","Parlay","Scrypt",0,"PoS",3783270,30000000
"LTCC","Listerclassic Coin","Scrypt",0,"PoW/PoS",8094818.38874615,110000000
"AMX","Amero","NeoScrypt",1,"PoW/PoS",0,15000000
"PLTC","PlatinCoin","CryptoNight",1,"PoW",84300,600000518
"KNG","BetKings","X11",0,"PoS",11359634.6460345,8148139
"COG","Cognitio","SHA-256D",0,"PoW/PoS",658584.46163633,7500000
"BEN","BitCOEN","SHA-256",1,"Limited Confidence Proof-of-Activity ",0,100000000
"LOKI","Loki","CryptoNight Heavy",1,"PoW",19153632,150000000
"NCP","Newton Coin","CryptoNight",1,"PoW",41294520017,184000000000
"STAX","Staxcoin","Scrypt",1,"PoW/PoS",0,43500000
"MRN","Mercoin","Scrypt",0,"PoW/PoS",25330252.323,100000000
"SIC","Swisscoin","Scrypt",1,"PoW/PoS",10200000000,10200000000
"EXCC","ExchangeCoin","Equihash",0,"PoW",0,32000000
"REL","Reliance","X11",0,"PoS",7256580,62000000
"BTCN","BitcoiNote","CryptoNight",1,"PoW",0,21000000
"XT3","Xt3ch","Scrypt",1,"PoS",7630000.0154,44000000
"MGD","MassGrid","Jump Consistent Hash",1,"PoW",135862416.039898,168000000
"VIG","TheVig","SHA-256D",1,"PoW/PoS",33238183.7225834,100000000
"PLURA","PluraCoin","CryptoNight",1,"PoW",560085952.404637,1000000000
"EMAR","EmaratCoin","Scrypt",1,"PoW/PoS",21599339.6728,84000000
"XTNC","XtendCash","Wild Keccak",0,"PoW",0,100000000
"ROE","Rover Coin","X11",1,"PoW/PoS",0,60000000
"LTCP","LitecoinPro","Scrypt",1,"PoW",0,17500000
"DKD","Dekado","X15",1,"PoS",30284196.369129,90000000
"LYNX","Lynx","Scrypt",1,"HPoW",77872059787.8998,92000000000
"POSQ","Poseidon Quark","Quark",1,"PoS",2716264.95302831,650000000
"YCE","MYCE","Scrypt",0,"PoW/PoS",63613903.880998,250000000
"ARO","Arionum","SHA-512",0,"PoW",60045900,545399000
"BWS","BitcoinWSpectrum","SHA-256",1,"PoS",57811001.000889,100262205
"BTCC","Bitcoin Core","SHA-256",1,"PoW",0,21000000
"GOLF","GolfCoin","SHA-256D",0,"PoW/PoS",0,1713134800
"MUSE","Muse","DPoS",1,"PoS",18194936,18081806
"XMN","Motion","X16R",1,"PoW",8125865.02097646,22075700
"PLUS1","PlusOneCoin","HMQ1725",1,"PoW",8645406.16776286,21000000
"AXE","Axe","X11",1,"PoW",4993030.69736615,21000000
"GMCN","GambleCoin","Scrypt",0,"PoS",8240763.49472804,15600000
"TRVC","Trivechain","X16R",1,"PoW/PoS",36923120.6205934,82546564
"DTEM","Dystem","Quark",1,"PoS",7082392.24744494,21000000
"GIC","Giant","Quark",1,"PoW/PoS",5919489.76813523,5151000
"PNY","Peony Coin","Scrypt",1,"PoS",1042012.45227735,16880000000
"SAFE","SafeCoin","Zhash",1,"PoW/PoS",0,36000000
"ABS","Absolute Coin","Lyra2REv2",1,"PoW/PoS",13332617.9413708,52500000
"VITAE","Vitae","Quark",1,"PoS",66053877.6256106,100000000
"BSPM","Bitcoin Supreme","Scrypt",1,"PoS",0,21000000
"XGS","GenesisX","XEVAN",0,"PoS",0,19000000
"BIM","BitminerCoin","CryptoNight",0,"PoW",0,50000000
"HEX","HexCoin","Scrypt",1,"PoW",1416663.06600024,22105263
"DEI","Deimos","Scrypt",0,"PoW",269143950.637501,1000000000
"TPC","TPCash","Scrypt",1,"PoW/PoS",5403802.49590733,1000000000
"OYS","Oyster Platform","X11",0,"PoS",0,25000000
"WEBC","Webchain","CryptoNight-V7",1,"PoW",15580199.3087496,1750000000
"RYO","Ryo","Cryptonight-GPU",1,"PoW",4890897,88188888
"MUSD","MUSDcoin","Scrypt",1,"PoW/PoS",0,100000000
"URALS","Urals Coin","XEVAN",1,"PoW",14746153.0962884,210000000
"QWC","Qwertycoin","CryptoNight Heavy",1,"PoW",99553110528.8022,184470000000
"BITN","Bitcoin Nova","CryptoNight",0,"PoW",484454200,1000000000
"ARE","ARENON","X11",1,"PoS",19269509.94,55000000
"DACASH","DACash","X11",0,"PoW",26709236.7607446,50000000
"EUNO","EUNO","X11",1,"PoW/PoS",30771125.9760867,50000000
"MMO","MMOCoin","Scrypt",1,"PoS",107763867.917675,260000000
"DASC","DasCoin","DPoS",1,"DPoS",0,8589934592
"KETAN","Ketan","PoS",1,"PoS",9327131.59708692,210000000
"NIX","NIX","Lyra2REv2",1,"PoW",0,175000000
"ITA","Italocoin","CryptoNight Heavy",0,"PoW",0,18446744
"XSTC","Safe Trade Coin","Scrypt",1,"PoS",0,840000000
"PPAI","Project Pai","SHA-256",1,"PoW",2100000000,2100000000
"MBLC","Mont Blanc","Scrypt",1,"PoS",0,70000000
"XDNA","XDNA","Keccak",1,"PoW/PoS",4672513.84432375,366000000
"PAXEX","PAXEX","X11",1,"PoS",4504639,100000000
"DIT","Ditcoin","CryptoNight",1,"PoW",0,37000000
"AZART","Azart","X11",1,"PoW",5015881.37315389,25000000
"AOP","Averopay","Tribus",0,"PoW/PoS",1859475.60962,36500000
"XAP","Apollon","Quark",1,"PoW/PoS",0,250000000
"TSC","ThunderStake","Scrypt",1,"PoW/PoS",1059954080.43439,18000000000
"SPLB","SimpleBank","NeoScrypt",0,"PoW/PoS",2381470.97805063,21000000
"HMN","Harvest Masternode Coin","Scrypt",1,"PoW/PoS",0,10000000
"KCASH","Kcash","SHA-512",1,"Zero-Knowledge Proof",1000000000,1000000000
"XCG","Xchange","X16R",1,"PoW",9753753.61515394,100000000
"AAC","Acute Angle Cloud","ECC 256K1",1,"DPOS",1000000000,1000000000
"KST","StarKST","Scrypt",1,"PoW",0,6000000000
"AUK","Aukcecoin","Scrypt",1,"PoW/PoS",0,80000000
"PLAN","Plancoin","Scrypt",1,"PoW/PoS",0,35000000
"TRAID","Traid","NeoScrypt",1,"PoW/PoS",0,252000000
"TCHB","Teachers Blockchain","Scrypt",1,"PoW",0,160000000
"MIODIO","MIODIOCOIN","Scrypt",1,"PoW",0,80000000
"LTPC","Lightpaycoin","Quark",1,"PoS",0,21000000
"HANA","Hanacoin","Lyra2REv2",0,"PoW",0,122500000
"BTV","Bitvote","CryptoNight",1,"PoW/PoS",0,21000000
"CRYP","CrypticCoin","Equihash",1,"PoW",4235111504,7600000000
"BTXC","Bettex coin","XEVAN",1,"PoS",6787405.18013774,50000000
"ZEST","ZestCoin","Quark",1,"PoW",0,29300000
"XCASH","X-CASH","CryptoNight Heavy X",1,"PoW",0,100000000000
"BRAZ","Brazio","HMQ1725",0,"PoW",75579791.7052214,207000000
"ACM","Actinium","Lyra2Z",1,"PoW",13634850,84000000
"LTZ","Litecoinz","Equihash",1,"PoW",0,84000000
"ETHO","ETHER-1","Ethash",1,"PoW",0,13666237
"TWISTR","TWIST","SHA-512",0,"PoS",200000000,200000000
"MBTC","MicroBitcoin","Rainforest",1,"PoW",0,210000000000
"FOREX","FOREXCOIN","Scrypt",1,"PoW",0,1000000000
"BSV","Bitcoin SV","SHA-256",1,"PoW",17992514.6469233,21000000
"DACH","DACH Coin","Quark",0,"PoS",14303114.6740944,38000000
"AGM","Argoneum","PHI1612",0,"PoW",13969583.3757376,64000000
"ARMS","2Acoin","CryptoNight-V7",0,"PoW",0,17910000
"BITM","BitMoney","XEVAN",1,"Pos",208515864.367343,70000000000
"B2G","Bitcoiin2Gen","Ethash",1,"PoW",0,100000000
"AUX","Auxilium","Keccak",0,"PoA",0,300000000
"JMC","Junson Ming Chan Coin","X11",1,"PoS",17209923728.3266,0
"FRED","FREDEnergy","CryptoNight",1,"PoW",1867054873.28397,8080000000
"ZND","Zenad","Quark",1,"POS / MN",0,46000000
"NGIN","Ngin","M00N",0,"PoW",0,360000000
"GENX","Genesis Network","Equihash",1,"PoW",0,4100000000
"VTL","Vertical","Lyra2Z",1,"PoW",0,35000000
"C25","C25 Coin","SkunkHash",1,"PoW",0,6100000
"HERB","HerbCoin","Quark",1,"PoW/PoS",35312185.7437239,54000000
"AQUA","Aquachain","Argon2",1,"PoW",0,42000000
"BBTC","BlakeBitcoin","Blake",0,"PoW",20595483.8480416,21000000
"UMO","Universal Molecule","Blake",1,"PoW",1578281.31341127,105120001.44
"LIT","Lithium","Blake",1,"PoW",15846721.2482747,25228800
"ELT","Electron","Blake",0,"PoW",24156921.9868023,7000000000
"XNB","Xeonbit","CryptoNight",1,"PoW",0,18400000
"RBTC","Smart Bitcoin","SHA-256",1,"PoW",0,20999764
"PIRATE","PirateCash","Equihash",1,"PoS",13475920,105000000
"EXO","Exosis","Exosis",1,"PoW",406091.925,21000000
"BLTG","Block-Logic","Scrypt",1,"PoW",35284717.173946,120000000
"MIMI","MIMI Money","CryptoNight",0,"PoW",0,21000000
"OWC","Oduwa","Scrypt",1,"PoW/PoS",14777549.3940764,21000000
"BEAM","Beam","Equihash",1,"PoW",35687520,262800000
"GALI","Galilel","Quark",1,"PoW/PoS",18265011.2486006,19035999
"ZEX","Zaddex","Equihash",0,"PoW",0,210000000
"BTH","Bithereum","Equihash",1,"PoW",25150787.5,30886000
"ARQ","ArQmA","CryptoNight-lite",1,"PoW",0,50000000
"VEO","Amoveo","SHA-256",1,"PoW",0,0
"CSPN","Crypto Sports","Quark",1,"PoS",1934701.67524713,13370000
"CREDIT","Credit","Scrypt",1,"PoW/PoS",30825710000.0296,74800000000
"SCRIBE","Scribe Network","Lyra2REv2",0,"PoW",6040583.72997153,32700000
"LYTX","LYTIX","QuarkTX",1,"PoW/PoS",0,100000000
"SCA","SiaClassic","Blake2b",0,"PoW",0,5000000000
"LUNES","Lunes","Leased POS",1,"LPoS",0,150728537.61
"SLC","SLICE","QuBit",1,"PoW",12925790.4226959,100000000
"DASHP","Dash Platinum","X11",1,"PoS",715659.44237941,19700000
"NSD","Nasdacoin","Scrypt",1,"PoW/PoS",20546528.2059957,84000000
"VDL","Vidulum","Equihash1927",1,"PoW",0,100000000
"BEET","Beetle Coin","XEVAN",1,"PoW/PoS",198938144.363399,500000000
"TTN","Titan Coin","SHA-256D",1,"PoW/PoS",896361168,5000000000
"AWR","Award","X11",1,"PoW/PoS",15420234.5389336,420000000
"BST","BlockStamp","SHA-256",1,"PoW",0,105000000
"BLAST","BLAST","SHA-256",1,"PoW",52293836.6277958,64000000
"ESBC","ESBC","Quark",1,"PoS",0,30000000
"VBK","VeriBlock","SHA-256",1,"PoW",0,2100000000
"XRC","Bitcoin Rhodium","X13",1,"PoW",1170292.5,2100000
"GLT","GlobalToken","SHA-256",1,"PoW",84613099.9999955,168000000
"INSN","Insane Coin","X11",1,"PoW/PoS",23775960.3207514,30000000
"WRT","WRTcoin","X11",1,"PoW",0,25000000000
"ALX","ALAX","DPoS",1,"DPoS",1000000000,1000000000
"TFC","The Freedom Coin","X11",1,"PoS",0,25000000
"MPT","Media Protocol Token","Ethash",0,"PoW",10000000000,10000000000
"AMBER","AmberCoin","X11",1,"PoW/PoS",0,1000000000
"LDOGE","LiteDoge","Scrypt",1,"PoW/PoS",15318887081.0146,35000000000
"BBR","Boolberry","X11",1,"PoW",0,18450000
"SLR","SolarCoin","Scrypt",1,"PoW",55565076.3863525,98100000000
"TRK","TruckCoin","X11",1,"PoW/PoS",242574105.22384,0
"UFO","UFO Coin","NeoScrypt",1,"PoW",3824685012,4000000000
"ASN","Ascension Coin","QuBit",1,"PoW/PoS",0,0
"OC","OrangeCoin","Scrypt",1,"PoW/PoS",3537150,200000000
"GSM","GSM Coin","X11",1,"PoW/PoS",0,1800000
"BLC","BlakeCoin","Blake",1,"PoW",23356790.1494191,7000000000
"BITS","BitstarCoin","Scrypt",1,"PoW/PoS",20576532,54256119
"NEOS","NeosCoin","SHA-256",1,"PoS",4392258.24647793,21000000
"HYPER","HyperCoin","Scrypt",1,"PoW/PoS",9631199.99309942,0
"PINK","PinkCoin","X11",1,"PoW/PoS",436353624.490312,500000000
"FCN","FantomCoin ","CryptoNight",1,"PoW",0,18400000
"XWT","World Trade Funds","X15",1,"PoW/PoS",0,1000000
"CESC","Crypto Escudo","Scrypt",1,"PoW",780210700,1000000000
"TWLV","Twelve Coin","T-Inside",1,"PoW/PoS",0,0
"ADC","AudioCoin","Scrypt",1,"PoW/PoS",980732528.97974,10500000000
"LOG","Wood Coin","Skein",1,"PoW",0,27625814
"XCE","Cerium","SHA-256",1,"PoW/PoS",0,2307925
"NKA","IncaKoin","SHA-256",1,"PoW/PoS",17939725045.334,190000000
"PIGGY","Piggy Coin","X11",1,"PoW/PoS",494240666.028571,1000000000
"CRW","Crown Coin","SHA-256",1,"PoW",22986929.0854247,42000000
"GEN","Genstake","Scrypt",1,"PoW/PoS",60000000,15000000
"LTS","Litestar Coin","X11",1,"PoW/PoS",0,120000000
"QCN","Quazar Coin","CryptoNight",1,"PoW",0,18446744
"SMLY","SmileyCoin","Scrypt",1,"PoW",29583989322.9213,50000000000
"BTQ","BitQuark","Multiple",1,"PoW",0,0
"PKB","ParkByte","SHA-256",1,"PoW/PoS",0,25000000
"HNC","Hellenic Coin","Scrypt",1,"PoW",0,100000000
"MI","XiaoMiCoin","Scrypt",1,"PoW/PoS",404316475.545465,400000000
"GRS","Groestlcoin","Groestl",1,"PoW",73298203.8873662,105000000
"CPC","CapriCoin","X11",1,"PoW/PoS",201364327.427503,208000000
"CLUB"," ClubCoin","Scrypt",1,"PoW/PoS",103621876.167052,160000000
"RADS","Radium","PoS",1,"PoS",3821245.74150193,9000000
"BTA","Bata","Scrypt",1,"PoW",5052555.91981545,5000000
"PAK","Pakcoin","Scrypt",1,"PoW",69684455.4387001,182000000
"CRB","Creditbit ","X11",1,"Proof of Trust",16901016.6609755,16504333
"OK","OKCash","SHA-256",1,"PoW/PoS",74676064.9488608,105000000
"LSK","Lisk","DPoS",1,"DPoS",120012140,159918400
"XHI","HiCoin","Scrypt",1,"PoS",10000244677.7002,10008835635
"XWC","WhiteCoin","Scrypt",1,"PoW/PoS",252005564.19257,300000000
"DOT","Dotcoin","Scrypt",1,"PoW",0,890000000
"FSC","FriendshipCoin","NeoScrypt",1,"PoW/PoS",1120385.00502,60168145
"THC","The Hempcoin","Scrypt",1,"PoW/PoS",0,300000000
"FIII","Fiii","SHA3-256",1,"DPoC",5917977.96773,5000000000
"J","JoinCoin","Multiple",1,"PoW",3332922.5,2800000
"TRI","Triangles Coin","X13",1,"PoW/PoS",140777.753365,120000
"RAIZER","RAIZER","SHA-256",0,"PoW",0,1000000000
"VOLLAR","Vollar","Equihash+Scrypt",1,"PoW",100000000,2100000000
"VNTY","VENOTY","Scrypt",0,"PoW",0,94000000
"AX","AlphaX","Scrypt",1,"PoS",0,200000000000
"SWI","Swinca","Quark",0,"PoW/PoS",0,400000000
"TCR","TecraCoin","Lyra2Z",0,"PoW",40874452.4756771,210000000
"HCXP","HCX PAY","CryptoNight",0,"PoW",0,2000000000
"GEX","Gexan","PHI2",0,"PoW/PoS",2233828.12953048,21000000
"EOS","EOS","DPoS",1,"DPoS",1020544523.0722,0
"AHT","Ahoolee","Ethash",1,"PoW",0,100000000
"RCC","Reality Clash","Ethash",1,"PoW",24487944.0958204,24487944
"OXY","Oxycoin","DPoS",1,"DPoS",1122382283.37,0
"Z2","Z2 Coin","SHA-256",0,"PoW",0,11000000
"KAPU","Kapu","DPoS",1,"DPoS",0,115000000
"GRFT","Graft Blockchain","CryptoNight",1,"PoW/PoS",0,1844674400
"MNZ","Monaize","Equihash",1,"PoW/DPoW",0,257142857
"AVE","Avesta","Avesta hash",0,"PoW",0,200000000
"XSB","Extreme Sportsbook","X11",0,"PoS",0,3000000
"SCRM","Scorum","DPoS",1,"DPoS",0,20000000
"LWF","Local World Forwarders","DPoS",1,"DPoS",0,100000000
"ILT","iOlite","Ethash",1,"PoW",0,1000000000
"ADM","Adamant","DPoS",1,"DPoS",0,200000000
"UPX","uPlexa","CryptoNight",1,"PoW",0,10500000000
"TCH","TigerCash","SHA-256",1,"PoS",1000000000,1000000000
"LAX","LAPO","Lyra2Z",0,"PoW/PoS",11086825523.3769,100000000000
"TIP","Tip Blockchain","DPoS",1,"PoS",0,1000000000
"DTEP","DECOIN","X11",1,"PoS",0,140000000
"WAVES","Waves","Leased POS",1,"LPoS",100000000,100000000
"PART","Particl","PoS",1,"PoS",9283137.5558676,8634140
"SLX","Slate","Slatechain",1,"PoW",0,950000000
"SHARD","ShardCoin","Scrypt",0,"PoS",24924986.0946492,900000000
"BTT","BitTorrent","TRC10",1,"DPoS",989988713439.649,990000000000
"CHI","XAYA","NeoScrypt",1,"PoW",0,77303932
"ZILLA","ChainZilla","Equihash",0,"DPoW",11000068.2715789,11000000
"NXT","Nxt","PoS",1,"PoS/LPoS",1000000000,1000000000
"ZEPH","ZEPHYR","SHA-256",1,"DPoS",1999999995.3056,2000000000
"XQN","Quotient","Scrypt",1,"PoW/PoS",0,0
"NETC","NetworkCoin","X13",1,"PoW/PoS",0,400000
"VPRC","VapersCoin","Scrypt",1,"PoW",0,42750000000
"GAP","Gapcoin","Scrypt",1,"PoW/PoS",14931046.1546605,250000000
"SERO","Super Zero","Ethash",1,"PoW",0,1000000000
"UOS","UOS","SHA-256",1,"DPoI",0,1000000000
"BDX","Beldex","CryptoNight",1,"PoW",980222595,1400222610
"ZEN","Horizen","Equihash",1,"PoW",7296537.5,21000000
"XBC","BitcoinPlus","Scrypt",1,"PoS",128326.99633965,1000000
"DVTC","DivotyCoin","Scrypt",0,"PoW/PoS",21491213.4644496,100000000
"GIOT","Giotto Coin","Scrypt",0,"PoW/PoS",0,233100000
"OPSC","OpenSourceCoin","SHA-256",0,"PoW/PoS",0,21000000
"PUNK","SteamPunk","PoS",0,"PoS",0,40000000
